cbsa,count_SELF,sum_SELF,share_SELF,count_INC,sum_INC,share_INC,count_entrep,sum_entrep,share_entrep,count_ba,sum_ba,share_ba
"Abilene, TX",969.0,95.0,0.09803921568627451,969.0,28.0,0.02889576883384933,1013.0,76.0,0.07502467917077986,969.0,259.0,0.2672858617131063
"Akron, OH",4046.0,378.0,0.09342560553633218,4046.0,140.0,0.03460207612456748,5369.0,308.0,0.05736636245110821,4046.0,1503.0,0.37147800296589223
"Albany-Schenectady-Troy, NY",5608.0,483.0,0.08612696148359486,5608.0,163.0,0.02906562054208274,8692.0,415.0,0.04774505292222733,5608.0,2391.0,0.4263552068473609
"Albuquerque, NM",4562.0,462.0,0.10127137220517317,4562.0,155.0,0.03397632617273126,5201.0,365.0,0.07017881176696789,4562.0,1810.0,0.396755808855765
"Allentown-Bethlehem-Easton, PA-NJ",4565.0,358.0,0.07842278203723987,4565.0,121.0,0.02650602409638554,6885.0,373.0,0.05417574437182281,4565.0,1612.0,0.3531215772179628
"Amarillo, TX",1481.0,187.0,0.1262660364618501,1481.0,69.0,0.04659014179608373,1692.0,105.0,0.06205673758865248,1481.0,442.0,0.29844699527346386
"Anchorage, AK",2020.0,219.0,0.10841584158415841,2020.0,67.0,0.03316831683168317,2813.0,166.0,0.05901173124777817,2020.0,623.0,0.3084158415841584
"Ann Arbor, MI",2370.0,225.0,0.0949367088607595,2370.0,86.0,0.036286919831223625,4620.0,194.0,0.04199134199134199,2370.0,1264.0,0.5333333333333333
"Anniston-Oxford, AL",521.0,39.0,0.07485604606525911,521.0,11.0,0.02111324376199616,543.0,31.0,0.0570902394106814,521.0,109.0,0.2092130518234165
"Appleton, WI",957.0,75.0,0.07836990595611286,957.0,33.0,0.034482758620689655,1944.0,114.0,0.05864197530864197,957.0,290.0,0.30303030303030304
"Asheville, NC",2877.0,454.0,0.1578032672923184,2877.0,159.0,0.05526590198123045,3967.0,344.0,0.0867154020670532,2877.0,1214.0,0.4219673270768161
"Ashtabula, OH",592.0,43.0,0.07263513513513513,592.0,15.0,0.02533783783783784,272.0,26.0,0.09558823529411764,592.0,108.0,0.18243243243243243
"Athens-Clarke County, GA",819.0,79.0,0.09645909645909646,819.0,37.0,0.045177045177045176,2199.0,104.0,0.04729422464756708,819.0,370.0,0.4517704517704518
"Atlanta-Sandy Springs-Alpharetta, GA",30075.0,3360.0,0.11172069825436409,30075.0,1501.0,0.049908561928512056,75194.0,4443.0,0.05908716120967098,30075.0,13602.0,0.4522693266832918
"Atlantic City-Hammonton, NJ",1525.0,156.0,0.10229508196721311,1525.0,58.0,0.0380327868852459,1499.0,102.0,0.06804536357571714,1525.0,572.0,0.37508196721311476
"Auburn-Opelika, AL",714.0,65.0,0.09103641456582633,714.0,21.0,0.029411764705882353,1382.0,72.0,0.05209840810419682,714.0,295.0,0.41316526610644255
"Augusta-Richmond County, GA-SC",2691.0,202.0,0.07506503158677072,2691.0,62.0,0.023039762170196952,7229.0,339.0,0.04689445289804952,2691.0,855.0,0.3177257525083612
"Augusta-Waterville, ME",673.0,87.0,0.12927191679049035,673.0,25.0,0.03714710252600297,703.0,48.0,0.06827880512091039,673.0,215.0,0.31946508172362553
"Austin-Round Rock-Georgetown, TX",12104.0,1472.0,0.12161269001982816,12104.0,516.0,0.042630535360211504,32925.0,1885.0,0.05725132877752468,12104.0,6357.0,0.525198281559815
"Bakersfield, CA",3518.0,365.0,0.10375213189312109,3518.0,98.0,0.02785673678226265,3755.0,222.0,0.059121171770972036,3518.0,723.0,0.20551449687322343
"Baltimore-Columbia-Towson, MD",16701.0,1549.0,0.09274893718938985,16701.0,651.0,0.03897970181426262,26662.0,1353.0,0.050746380616607904,16701.0,7856.0,0.47039099455122446
"Bangor, ME",1013.0,111.0,0.10957551826258638,1013.0,41.0,0.040473840078973346,1120.0,63.0,0.05625,1013.0,278.0,0.2744323790720632
"Barnstable Town, MA",1786.0,306.0,0.1713325867861142,1786.0,90.0,0.05039193729003359,1574.0,156.0,0.09911054637865312,1786.0,898.0,0.5027995520716685
"Baton Rouge, LA",3264.0,340.0,0.10416666666666667,3264.0,124.0,0.03799019607843137,6441.0,371.0,0.0575997515913678,3264.0,1064.0,0.32598039215686275
"Beaumont-Port Arthur, TX",2209.0,165.0,0.07469443186962427,2209.0,44.0,0.019918515165233137,2322.0,134.0,0.05770887166236004,2209.0,450.0,0.2037120869171571
"Bellingham, WA",1248.0,151.0,0.12099358974358974,1248.0,66.0,0.052884615384615384,1809.0,166.0,0.09176340519624102,1248.0,464.0,0.3717948717948718
"Bend, OR",783.0,133.0,0.1698595146871009,783.0,57.0,0.07279693486590039,1830.0,191.0,0.10437158469945355,783.0,327.0,0.41762452107279696
"Binghamton, NY",1644.0,121.0,0.07360097323600973,1644.0,35.0,0.021289537712895375,1143.0,65.0,0.0568678915135608,1644.0,506.0,0.3077858880778589
"Birmingham-Hoover, AL",5933.0,522.0,0.08798247092533289,5933.0,178.0,0.03000168548794876,9473.0,497.0,0.05246490024279531,5933.0,2161.0,0.36423394572728807
"Bismarck, ND",742.0,126.0,0.16981132075471697,742.0,37.0,0.04986522911051213,927.0,44.0,0.04746494066882417,742.0,221.0,0.29784366576819404
"Blacksburg-Christiansburg, VA",1101.0,73.0,0.06630336058128973,1101.0,22.0,0.019981834695731154,1376.0,52.0,0.0377906976744186,1101.0,339.0,0.3079019073569482
"Bloomington, IL",1215.0,97.0,0.07983539094650206,1215.0,25.0,0.0205761316872428,2115.0,101.0,0.04775413711583924,1215.0,484.0,0.3983539094650206
"Bloomington, IN",930.0,74.0,0.07956989247311828,930.0,17.0,0.01827956989247312,1665.0,73.0,0.04384384384384384,930.0,370.0,0.3978494623655914
"Boise City, ID",3452.0,474.0,0.1373117033603708,3452.0,178.0,0.051564310544611816,7409.0,563.0,0.07598866243757592,3452.0,1221.0,0.3537079953650058
"Boston-Cambridge-Newton, MA-NH",32528.0,2952.0,0.09075258239055582,32528.0,980.0,0.03012788981800295,70438.0,3155.0,0.044791163860416254,32528.0,17648.0,0.5425479586817511
"Bowling Green, KY",677.0,66.0,0.09748892171344166,677.0,26.0,0.03840472673559823,1153.0,62.0,0.053772766695576756,677.0,215.0,0.3175775480059084
"Bremerton-Silverdale-Port Orchard, WA",1887.0,177.0,0.09379968203497616,1887.0,51.0,0.02702702702702703,1595.0,91.0,0.057053291536050155,1887.0,688.0,0.3645998940116587
"Bridgeport-Stamford-Norwalk, CT",5988.0,810.0,0.13527054108216433,5988.0,309.0,0.051603206412825654,8051.0,544.0,0.06756924605639052,5988.0,3440.0,0.5744822979291917
"Brownsville-Harlingen, TX",1947.0,222.0,0.1140215716486903,1947.0,60.0,0.030816640986132512,984.0,62.0,0.06300813008130081,1947.0,461.0,0.23677452491011813
"Buffalo-Cheektowaga, NY",6981.0,549.0,0.07864202836269875,6981.0,240.0,0.034379028792436615,9510.0,441.0,0.04637223974763407,6981.0,2687.0,0.38490187652198826
"Burlington, NC",1131.0,117.0,0.10344827586206896,1131.0,36.0,0.03183023872679045,1000.0,58.0,0.058,1131.0,346.0,0.3059239610963749
"Burlington-South Burlington, VT",1116.0,114.0,0.10215053763440861,1116.0,47.0,0.042114695340501794,1997.0,117.0,0.058587881822734104,1116.0,459.0,0.4112903225806452
"Canton-Massillon, OH",2442.0,208.0,0.08517608517608517,2442.0,87.0,0.03562653562653563,2298.0,141.0,0.06135770234986945,2442.0,648.0,0.26535626535626533
"Cape Coral-Fort Myers, FL",4314.0,687.0,0.1592489568845619,4314.0,348.0,0.08066759388038942,5287.0,482.0,0.09116701342916587,4314.0,1441.0,0.33402874362540563
"Cedar Rapids, IA",972.0,70.0,0.0720164609053498,972.0,20.0,0.0205761316872428,2697.0,138.0,0.05116796440489433,972.0,337.0,0.34670781893004116
"Champaign-Urbana, IL",1240.0,87.0,0.07016129032258064,1240.0,29.0,0.02338709677419355,2367.0,90.0,0.03802281368821293,1240.0,491.0,0.3959677419354839
"Charleston, WV",898.0,68.0,0.0757238307349666,898.0,19.0,0.021158129175946547,1055.0,49.0,0.046445497630331754,898.0,315.0,0.3507795100222717
"Charleston-North Charleston, SC",4297.0,505.0,0.11752385385152432,4297.0,192.0,0.04468233651384687,8555.0,572.0,0.0668614845119813,4297.0,1888.0,0.43937630905282754
"Charlotte-Concord-Gastonia, NC-SC",15599.0,1594.0,0.10218603756651068,15599.0,619.0,0.03968203089941663,31040.0,1655.0,0.05331829896907216,15599.0,6340.0,0.40643631001987307
"Chattanooga, TN-GA",3473.0,380.0,0.10941549093003167,3473.0,117.0,0.03368845378635186,5328.0,328.0,0.06156156156156156,3473.0,1242.0,0.3576158940397351
"Chicago-Naperville-Elgin, IL-IN-WI",49259.0,4600.0,0.09338395014109097,49259.0,2177.0,0.04419496944720762,103102.0,4619.0,0.04480029485364009,49259.0,22405.0,0.454840739763292
"Chico, CA",1238.0,142.0,0.1147011308562197,1238.0,37.0,0.02988691437802908,1342.0,97.0,0.07228017883755589,1238.0,422.0,0.3408723747980614
"Cincinnati, OH-KY-IN",11490.0,969.0,0.08433420365535248,11490.0,352.0,0.030635335073977372,22989.0,1084.0,0.047152986210796465,11490.0,4567.0,0.39747606614447345
"Clarksville, TN-KY",1765.0,151.0,0.08555240793201133,1765.0,47.0,0.026628895184135977,2114.0,83.0,0.03926206244087039,1765.0,409.0,0.23172804532577904
"Cleveland-Elyria, OH",12845.0,1156.0,0.08999610743479954,12845.0,449.0,0.03495523550019463,16256.0,804.0,0.04945866141732284,12845.0,4931.0,0.38388478007006616
"Coeur d'Alene, ID",774.0,99.0,0.12790697674418605,774.0,35.0,0.04521963824289406,2209.0,179.0,0.08103214124038026,774.0,224.0,0.28940568475452194
"College Station-Bryan, TX",1398.0,100.0,0.0715307582260372,1398.0,44.0,0.031473533619456366,2544.0,101.0,0.03970125786163522,1398.0,524.0,0.3748211731044349
"Colorado Springs, CO",4283.0,484.0,0.11300490310530002,4283.0,209.0,0.048797571795470465,8044.0,569.0,0.07073595226255594,4283.0,1652.0,0.3857109502685034
"Columbia, MO",871.0,70.0,0.08036739380022963,871.0,16.0,0.018369690011481057,2485.0,117.0,0.047082494969818915,871.0,362.0,0.41561423650975887
"Columbia, SC",5105.0,495.0,0.0969637610186092,5105.0,207.0,0.0405484818805093,7253.0,410.0,0.05652833310354336,5105.0,1879.0,0.36807051909892263
"Columbus, OH",11585.0,957.0,0.0826068191627104,11585.0,316.0,0.027276650841605524,23188.0,1102.0,0.0475245816801794,11585.0,4845.0,0.4182132067328442
"Corpus Christi, TX",2562.0,307.0,0.11982825917252146,2562.0,84.0,0.03278688524590164,2454.0,137.0,0.05582722086389568,2562.0,640.0,0.2498048399687744
"Crestview-Fort Walton Beach-Destin, FL",1420.0,163.0,0.1147887323943662,1420.0,57.0,0.04014084507042254,2155.0,184.0,0.08538283062645012,1420.0,526.0,0.3704225352112676
"Dallas-Fort Worth-Arlington, TX",42186.0,4646.0,0.11013132318778741,42186.0,1643.0,0.038946569952116816,87765.0,4694.0,0.0534837349740785,42186.0,17760.0,0.4209927464087612
"Dalton, GA",537.0,45.0,0.08379888268156424,537.0,17.0,0.03165735567970205,571.0,40.0,0.07005253940455342,537.0,112.0,0.2085661080074488
"Daphne-Fairhope-Foley, AL",897.0,115.0,0.1282051282051282,897.0,51.0,0.056856187290969896,1188.0,114.0,0.09595959595959595,897.0,301.0,0.3355629877369008
"Davenport-Moline-Rock Island, IA-IL",1705.0,136.0,0.07976539589442816,1705.0,60.0,0.03519061583577713,1882.0,92.0,0.048884165781083955,1705.0,485.0,0.2844574780058651
"Decatur, AL",791.0,76.0,0.09608091024020228,791.0,22.0,0.02781289506953224,708.0,35.0,0.04943502824858757,791.0,184.0,0.23261694058154236
"Decatur, IL",670.0,58.0,0.08656716417910448,670.0,19.0,0.028358208955223882,526.0,29.0,0.055133079847908745,670.0,144.0,0.21492537313432836
"Deltona-Daytona Beach-Ormond Beach, FL",3549.0,480.0,0.1352493660185968,3549.0,212.0,0.05973513665821358,4467.0,369.0,0.08260577568838147,3549.0,1053.0,0.2967032967032967
"Denver-Aurora-Lakewood, CO",19630.0,2320.0,0.11818644931227713,19630.0,1034.0,0.052674477840040757,43126.0,2719.0,0.06304781338403748,19630.0,9988.0,0.5088130412633723
"Des Moines-West Des Moines, IA",3319.0,293.0,0.08827960228984634,3319.0,94.0,0.028321783669780054,7252.0,358.0,0.04936569222283508,3319.0,1216.0,0.3663754142814101
"Detroit-Warren-Dearborn, MI",20543.0,1956.0,0.09521491505622354,20543.0,772.0,0.037579710850411334,42715.0,2095.0,0.049046002575207776,20543.0,8037.0,0.3912281555761086
"Dover, DE",925.0,69.0,0.0745945945945946,925.0,32.0,0.034594594594594595,975.0,53.0,0.05435897435897436,925.0,253.0,0.2735135135135135
"Durham-Chapel Hill, NC",2837.0,290.0,0.10222065562213606,2837.0,98.0,0.03454353189989425,12688.0,562.0,0.044293820933165196,2837.0,1646.0,0.5801903419104688
"East Stroudsburg, PA",443.0,32.0,0.07223476297968397,443.0,16.0,0.03611738148984198,796.0,52.0,0.06532663316582915,443.0,130.0,0.29345372460496616
"Eau Claire, WI",876.0,115.0,0.1312785388127854,876.0,32.0,0.0365296803652968,1371.0,86.0,0.06272793581327499,876.0,226.0,0.2579908675799087
"El Centro, CA",622.0,54.0,0.08681672025723473,622.0,12.0,0.01929260450160772,376.0,15.0,0.0398936170212766,622.0,97.0,0.15594855305466238
"El Paso, TX",4139.0,401.0,0.09688330514617058,4139.0,113.0,0.027301280502536846,4291.0,191.0,0.04451176881845723,4139.0,1150.0,0.27784489007006524
"Elkhart-Goshen, IN",999.0,83.0,0.08308308308308308,999.0,31.0,0.031031031031031032,1252.0,69.0,0.05511182108626198,999.0,239.0,0.23923923923923923
"Erie, PA",1488.0,128.0,0.08602150537634409,1488.0,56.0,0.03763440860215054,1504.0,77.0,0.0511968085106383,1488.0,470.0,0.31586021505376344
"Eugene-Springfield, OR",2467.0,313.0,0.12687474665585732,2467.0,107.0,0.0433725172274017,3019.0,225.0,0.07452798940046373,2467.0,829.0,0.33603567085528985
"Eureka-Arcata, CA",823.0,174.0,0.21142162818955043,823.0,40.0,0.04860267314702309,584.0,66.0,0.11301369863013698,823.0,288.0,0.34993924665856624
"Evansville, IN-KY",1002.0,77.0,0.07684630738522955,1002.0,29.0,0.028942115768463075,2560.0,136.0,0.053125,1002.0,270.0,0.2694610778443114
"Fargo, ND-MN",831.0,87.0,0.10469314079422383,831.0,33.0,0.039711191335740074,1900.0,85.0,0.04473684210526316,831.0,322.0,0.38748495788206977
"Fayetteville, NC",3573.0,256.0,0.0716484746711447,3573.0,88.0,0.02462916316820599,4367.0,218.0,0.04991985344630181,3573.0,958.0,0.2681220263084243
"Fayetteville-Springdale-Rogers, AR",2674.0,312.0,0.11667913238593867,2674.0,113.0,0.04225878833208676,4704.0,268.0,0.05697278911564626,2674.0,951.0,0.3556469708302169
"Flagstaff, AZ",1074.0,101.0,0.09404096834264432,1074.0,34.0,0.03165735567970205,1066.0,56.0,0.0525328330206379,1074.0,309.0,0.2877094972067039
"Florence, SC",1044.0,97.0,0.09291187739463602,1044.0,35.0,0.033524904214559385,1121.0,54.0,0.04817127564674398,1044.0,265.0,0.25383141762452105
"Fort Collins, CO",2203.0,312.0,0.141625056740808,2203.0,136.0,0.06173399909214707,4577.0,324.0,0.07078872623989513,2203.0,1106.0,0.5020426690876079
"Fort Wayne, IN",2339.0,208.0,0.08892689183411714,2339.0,84.0,0.03591278324070116,3916.0,213.0,0.054392236976506636,2339.0,742.0,0.3172295852928602
"Fresno, CA",4738.0,489.0,0.10320810468552132,4738.0,165.0,0.034824820599409036,4762.0,266.0,0.05585888282234355,4738.0,1284.0,0.2710004221190376
"Gadsden, AL",479.0,61.0,0.12734864300626306,479.0,23.0,0.04801670146137787,464.0,29.0,0.0625,479.0,94.0,0.19624217118997914
"Gainesville, FL",1547.0,162.0,0.10471881060116355,1547.0,71.0,0.04589528118939883,3361.0,158.0,0.047009818506396905,1547.0,684.0,0.4421460892049127
"Gainesville, GA",1128.0,152.0,0.1347517730496454,1128.0,68.0,0.06028368794326241,1036.0,67.0,0.06467181467181467,1128.0,297.0,0.2632978723404255
"Glens Falls, NY",1083.0,142.0,0.13111726685133887,1083.0,39.0,0.036011080332409975,565.0,35.0,0.061946902654867256,1083.0,346.0,0.31948291782086796
"Goldsboro, NC",616.0,46.0,0.07467532467532467,616.0,19.0,0.030844155844155844,603.0,34.0,0.05638474295190713,616.0,147.0,0.23863636363636365
"Grand Junction, CO",675.0,81.0,0.12,675.0,37.0,0.054814814814814816,1224.0,113.0,0.0923202614379085,675.0,223.0,0.33037037037037037
"Grand Rapids-Kentwood, MI",4288.0,446.0,0.10401119402985075,4288.0,166.0,0.03871268656716418,9015.0,479.0,0.053133666112035495,4288.0,1684.0,0.3927238805970149
"Green Bay, WI",1017.0,77.0,0.07571288102261553,1017.0,34.0,0.03343166175024582,2865.0,150.0,0.05235602094240838,1017.0,340.0,0.3343166175024582
"Greensboro-High Point, NC",4259.0,453.0,0.10636299600845268,4259.0,196.0,0.04602019253345856,8189.0,423.0,0.05165465868848455,4259.0,1439.0,0.3378727400798309
"Greenville, NC",779.0,63.0,0.08087291399229782,779.0,20.0,0.025673940949935817,1269.0,61.0,0.04806934594168637,779.0,281.0,0.3607188703465982
"Greenville-Anderson, SC",5894.0,615.0,0.10434340006786563,5894.0,192.0,0.032575500508992196,9215.0,560.0,0.060770482908301685,5894.0,2141.0,0.36325076348829316
"Gulfport-Biloxi, MS",1587.0,154.0,0.09703843730308759,1587.0,61.0,0.03843730308758664,2413.0,157.0,0.06506423539162867,1587.0,450.0,0.2835538752362949
"Hagerstown-Martinsburg, MD-WV",875.0,72.0,0.08228571428571428,875.0,32.0,0.036571428571428574,1357.0,81.0,0.05969049373618276,875.0,229.0,0.26171428571428573
"Hanford-Corcoran, CA",765.0,63.0,0.08235294117647059,765.0,15.0,0.0196078431372549,405.0,14.0,0.0345679012345679,765.0,100.0,0.13071895424836602
"Harrisburg-Carlisle, PA",3408.0,337.0,0.0988849765258216,3408.0,110.0,0.03227699530516432,5775.0,239.0,0.041385281385281386,3408.0,1068.0,0.31338028169014087
"Harrisonburg, VA",1122.0,103.0,0.09180035650623886,1122.0,40.0,0.035650623885918005,861.0,36.0,0.041811846689895474,1122.0,309.0,0.27540106951871657
"Hartford-East Hartford-Middletown, CT",7730.0,704.0,0.09107373868046571,7730.0,232.0,0.03001293661060802,12715.0,625.0,0.04915454187966968,7730.0,3442.0,0.44527813712807246
"Hickory-Lenoir-Morganton, NC",2168.0,257.0,0.11854243542435425,2168.0,106.0,0.048892988929889296,2095.0,120.0,0.057279236276849645,2168.0,521.0,0.24031365313653136
"Hilo, HI",1094.0,158.0,0.14442413162705667,1094.0,45.0,0.04113345521023766,752.0,99.0,0.13164893617021275,1094.0,346.0,0.3162705667276051
"Hilton Head Island-Bluffton, SC",1189.0,169.0,0.1421362489486964,1189.0,67.0,0.056349873843566024,1485.0,145.0,0.09764309764309764,1189.0,480.0,0.40370058873002523
"Holland, MI",698.0,92.0,0.1318051575931232,698.0,37.0,0.05300859598853868,436.0,38.0,0.0871559633027523,698.0,177.0,0.25358166189111747
"Homosassa Springs, FL",612.0,79.0,0.12908496732026145,612.0,31.0,0.05065359477124183,492.0,41.0,0.08333333333333333,612.0,133.0,0.2173202614379085
"Houma-Thibodaux, LA",942.0,83.0,0.0881104033970276,942.0,40.0,0.04246284501061571,980.0,54.0,0.05510204081632653,942.0,194.0,0.2059447983014862
"Houston-The Woodlands-Sugar Land, TX",28795.0,3190.0,0.11078312206980379,28795.0,1064.0,0.03695085952422295,68891.0,3544.0,0.05144358479336924,28795.0,10918.0,0.37916304914047577
"Huntsville, AL",2175.0,199.0,0.09149425287356322,2175.0,61.0,0.028045977011494253,4074.0,195.0,0.04786450662739323,2175.0,971.0,0.4464367816091954
"Idaho Falls, ID",759.0,86.0,0.11330698287220026,759.0,37.0,0.048748353096179184,959.0,64.0,0.0667361835245047,759.0,251.0,0.33069828722002637
"Indianapolis-Carmel-Anderson, IN",10313.0,929.0,0.09008048094637836,10313.0,354.0,0.03432560845534762,23040.0,1146.0,0.04973958333333333,10313.0,4010.0,0.38882963250266656
"Iowa City, IA",682.0,61.0,0.08944281524926687,682.0,27.0,0.039589442815249266,1528.0,55.0,0.03599476439790576,682.0,295.0,0.43255131964809385
"Ithaca, NY",650.0,57.0,0.0876923076923077,650.0,16.0,0.024615384615384615,1104.0,47.0,0.042572463768115944,650.0,323.0,0.4969230769230769
"Jackson, MI",850.0,93.0,0.10941176470588235,850.0,34.0,0.04,1970.0,101.0,0.051269035532994923,850.0,203.0,0.2388235294117647
"Jackson, MS",3201.0,377.0,0.11777569509528273,3201.0,145.0,0.045298344267416434,3077.0,167.0,0.054273643158921026,3201.0,1131.0,0.35332708528584816
"Jackson, TN",749.0,67.0,0.08945260347129506,749.0,23.0,0.030707610146862484,1068.0,63.0,0.05898876404494382,749.0,206.0,0.2750333778371162
"Jacksonville, FL",7447.0,838.0,0.11252853498052907,7447.0,403.0,0.05411575130925205,16064.0,947.0,0.05895169322709164,7447.0,2770.0,0.371961863837787
"Jamestown-Dunkirk-Fredonia, NY",1162.0,95.0,0.08175559380378658,1162.0,24.0,0.020654044750430294,507.0,27.0,0.05325443786982249,1162.0,291.0,0.2504302925989673
"Janesville-Beloit, WI",746.0,71.0,0.09517426273458444,746.0,29.0,0.0388739946380697,1184.0,64.0,0.05405405405405406,746.0,194.0,0.26005361930294907
"Jefferson City, MO",1041.0,93.0,0.0893371757925072,1041.0,28.0,0.026897214217098942,1028.0,60.0,0.058365758754863814,1041.0,293.0,0.2814601344860711
"Johnson City, TN",706.0,79.0,0.11189801699716714,706.0,27.0,0.03824362606232295,1485.0,85.0,0.05723905723905724,706.0,267.0,0.3781869688385269
"Johnstown, PA",1182.0,75.0,0.06345177664974619,1182.0,22.0,0.018612521150592216,442.0,24.0,0.05429864253393665,1182.0,262.0,0.22165820642978004
"Joplin, MO",1095.0,101.0,0.09223744292237443,1095.0,38.0,0.034703196347031964,732.0,32.0,0.04371584699453552,1095.0,258.0,0.2356164383561644
"Kalamazoo-Portage, MI",2099.0,173.0,0.08242020009528347,2099.0,54.0,0.02572653644592663,2890.0,141.0,0.048788927335640137,2099.0,635.0,0.3025250119104335
"Kankakee, IL",757.0,59.0,0.07793923381770146,757.0,25.0,0.03302509907529723,461.0,23.0,0.049891540130151846,757.0,157.0,0.2073976221928666
"Kansas City, MO-KS",12382.0,1149.0,0.09279599418510741,12382.0,452.0,0.03650460345663059,23106.0,1219.0,0.05275685969012378,12382.0,5048.0,0.4076885801970602
"Killeen-Temple, TX",2089.0,133.0,0.0636668262326472,2089.0,39.0,0.018669219722355194,3119.0,178.0,0.05706957358127605,2089.0,546.0,0.2613690761129727
"Knoxville, TN",6037.0,591.0,0.09789630611230744,6037.0,156.0,0.02584064932913699,7658.0,407.0,0.05314703577957691,6037.0,1962.0,0.3249958588702998
"La Crosse-Onalaska, WI-MN",560.0,42.0,0.075,560.0,17.0,0.030357142857142857,1378.0,60.0,0.04354136429608128,560.0,183.0,0.3267857142857143
"Lafayette, LA",2333.0,292.0,0.1251607372481783,2333.0,99.0,0.04243463351907415,3589.0,261.0,0.0727222067428253,2333.0,604.0,0.25889412773253323
"Lafayette-West Lafayette, IN",1121.0,67.0,0.05976806422836753,1121.0,23.0,0.020517395182872437,2267.0,85.0,0.03749448610498456,1121.0,445.0,0.39696699375557537
"Lake Havasu City-Kingman, AZ",948.0,121.0,0.12763713080168776,948.0,41.0,0.043248945147679324,709.0,62.0,0.08744710860366714,948.0,180.0,0.189873417721519
"Lakeland-Winter Haven, FL",4063.0,405.0,0.09968003937976865,4063.0,192.0,0.04725572237263106,4353.0,272.0,0.06248564208591776,4063.0,971.0,0.23898597095742063
"Lancaster, PA",2613.0,243.0,0.09299655568312284,2613.0,73.0,0.027937236892460773,3885.0,231.0,0.05945945945945946,2613.0,785.0,0.3004209720627631
"Lansing-East Lansing, MI",2950.0,247.0,0.08372881355932203,2950.0,80.0,0.02711864406779661,4855.0,220.0,0.04531410916580844,2950.0,980.0,0.33220338983050846
"Laredo, TX",1218.0,119.0,0.09770114942528736,1218.0,44.0,0.0361247947454844,751.0,48.0,0.06391478029294274,1218.0,251.0,0.20607553366174056
"Las Cruces, NM",801.0,79.0,0.0986267166042447,801.0,21.0,0.026217228464419477,,,,801.0,239.0,0.2983770287141074
"Las Vegas-Henderson-Paradise, NV",12655.0,1370.0,0.10825760568945081,12655.0,537.0,0.04243382062425918,14954.0,1088.0,0.07275645312291026,12655.0,3561.0,0.2813907546424338
"Lawrence, KS",513.0,56.0,0.10916179337231968,513.0,27.0,0.05263157894736842,1348.0,55.0,0.04080118694362018,513.0,224.0,0.43664717348927873
"Lebanon, PA",804.0,77.0,0.09577114427860696,804.0,27.0,0.033582089552238806,618.0,33.0,0.05339805825242718,804.0,203.0,0.2524875621890547
"Lewiston-Auburn, ME",547.0,55.0,0.10054844606946983,547.0,19.0,0.03473491773308958,570.0,26.0,0.0456140350877193,547.0,113.0,0.20658135283363802
"Lexington-Fayette, KY",2004.0,222.0,0.11077844311377245,2004.0,98.0,0.04890219560878244,4064.0,253.0,0.062253937007874016,2004.0,921.0,0.4595808383233533
"Lima, OH",691.0,48.0,0.0694645441389291,691.0,15.0,0.02170767004341534,487.0,23.0,0.04722792607802875,691.0,143.0,0.20694645441389292
"Lincoln, NE",1563.0,136.0,0.08701215611004479,1563.0,53.0,0.03390914907229686,3523.0,173.0,0.049105875674141354,1563.0,601.0,0.38451695457453616
"Little Rock-North Little Rock-Conway, AR",3412.0,317.0,0.0929073856975381,3412.0,134.0,0.03927315357561548,6201.0,335.0,0.05402354458958233,3412.0,1235.0,0.361957796014068
"Longview, TX",693.0,58.0,0.0836940836940837,693.0,14.0,0.020202020202020204,1296.0,92.0,0.07098765432098765,693.0,147.0,0.21212121212121213
"Los Angeles-Long Beach-Anaheim, CA",80955.0,10986.0,0.13570502130813414,80955.0,3620.0,0.044716200358223705,137334.0,8829.0,0.0642885228712482,80955.0,32485.0,0.40127231177814837
"Louisville/Jefferson County, KY-IN",8430.0,794.0,0.09418742586002372,8430.0,314.0,0.037247924080664296,11748.0,586.0,0.04988083077970718,8430.0,3401.0,0.40344009489916965
"Lubbock, TX",1758.0,194.0,0.11035267349260523,1758.0,67.0,0.03811149032992037,2076.0,125.0,0.06021194605009634,1758.0,603.0,0.3430034129692833
"Lynchburg, VA",1600.0,148.0,0.0925,1600.0,47.0,0.029375,1733.0,92.0,0.05308713214079631,1600.0,516.0,0.3225
"Macon-Bibb County, GA",853.0,82.0,0.09613130128956623,853.0,30.0,0.035169988276670575,1528.0,86.0,0.056282722513089,853.0,261.0,0.305978898007034
"Madera, CA",671.0,80.0,0.11922503725782414,671.0,21.0,0.03129657228017884,385.0,25.0,0.06493506493506493,671.0,122.0,0.18181818181818182
"Madison, WI",2483.0,207.0,0.08336689488521949,2483.0,90.0,0.03624647603705195,7100.0,351.0,0.04943661971830986,2483.0,1215.0,0.4893274265002014
"Manchester-Nashua, NH",2091.0,188.0,0.0899091343854615,2091.0,55.0,0.026303204208512673,3945.0,219.0,0.05551330798479087,2091.0,900.0,0.430416068866571
"Mansfield, OH",671.0,60.0,0.08941877794336811,671.0,19.0,0.028315946348733235,644.0,44.0,0.06832298136645963,671.0,106.0,0.15797317436661698
"McAllen-Edinburg-Mission, TX",3024.0,405.0,0.13392857142857142,3024.0,70.0,0.023148148148148147,2357.0,133.0,0.05642766228256258,3024.0,716.0,0.23677248677248677
"Medford, OR",1079.0,161.0,0.14921223354958293,1079.0,52.0,0.04819277108433735,1146.0,136.0,0.11867364746945899,1079.0,342.0,0.3169601482854495
"Memphis, TN-MS-AR",6443.0,583.0,0.0904857985410523,6443.0,178.0,0.02762688188731957,10261.0,519.0,0.050579865510184195,6443.0,2117.0,0.3285736458171659
"Merced, CA",1222.0,127.0,0.1039279869067103,1222.0,46.0,0.03764320785597381,766.0,34.0,0.044386422976501305,1222.0,217.0,0.17757774140752863
"Miami-Fort Lauderdale-Pompano Beach, FL",32836.0,5543.0,0.16880862468022903,32836.0,2746.0,0.08362772566695091,60953.0,4345.0,0.07128443226748478,32836.0,13330.0,0.40595687659885493
"Michigan City-La Porte, IN",718.0,61.0,0.08495821727019498,718.0,26.0,0.036211699164345405,509.0,47.0,0.09233791748526522,718.0,202.0,0.28133704735376047
"Midland, TX",620.0,85.0,0.13709677419354838,620.0,28.0,0.04516129032258064,1640.0,102.0,0.06219512195121951,620.0,225.0,0.3629032258064516
"Milwaukee-Waukesha, WI",6324.0,503.0,0.0795382669196711,6324.0,201.0,0.03178368121442125,17874.0,904.0,0.05057625601432248,6324.0,2559.0,0.40464895635673626
"Minneapolis-St. Paul-Bloomington, MN-WI",16547.0,1626.0,0.09826554662476582,16547.0,667.0,0.04030942164742854,54147.0,2689.0,0.049661107725266405,16547.0,6990.0,0.4224330694385689
"Mobile, AL",1944.0,187.0,0.09619341563786009,1944.0,76.0,0.03909465020576132,2890.0,145.0,0.050173010380622836,1944.0,549.0,0.2824074074074074
"Modesto, CA",2686.0,315.0,0.11727475800446761,2686.0,116.0,0.04318689501116903,2188.0,143.0,0.06535648994515539,2686.0,563.0,0.20960536113179448
"Monroe, LA",729.0,78.0,0.10699588477366255,729.0,33.0,0.04526748971193416,1382.0,78.0,0.056439942112879886,729.0,222.0,0.3045267489711934
"Monroe, MI",759.0,58.0,0.0764163372859025,759.0,19.0,0.025032938076416336,643.0,35.0,0.05443234836702955,759.0,182.0,0.23978919631093545
"Montgomery, AL",1792.0,154.0,0.0859375,1792.0,52.0,0.029017857142857144,2443.0,116.0,0.04748260335652886,1792.0,548.0,0.30580357142857145
"Morgantown, WV",854.0,70.0,0.08196721311475409,854.0,25.0,0.02927400468384075,1032.0,49.0,0.04748062015503876,854.0,359.0,0.4203747072599532
"Muncie, IN",707.0,35.0,0.04950495049504951,707.0,10.0,0.014144271570014143,840.0,32.0,0.0380952380952381,707.0,159.0,0.2248939179632249
"Muskegon, MI",881.0,69.0,0.07832009080590238,881.0,25.0,0.028376844494892167,922.0,58.0,0.06290672451193059,881.0,213.0,0.24177071509648126
"Myrtle Beach-Conway-North Myrtle Beach, SC-NC",2861.0,399.0,0.13946172666899687,2861.0,136.0,0.04753582663404404,3528.0,293.0,0.0830498866213152,2861.0,902.0,0.3152743795875568
"Napa, CA",1088.0,137.0,0.12591911764705882,1088.0,38.0,0.034926470588235295,1007.0,121.0,0.12015888778550149,1088.0,438.0,0.4025735294117647
"Naples-Marco Island, FL",1796.0,366.0,0.20378619153674832,1796.0,178.0,0.09910913140311804,2894.0,289.0,0.09986178299930891,1796.0,746.0,0.4153674832962138
"Nashville-Davidson--Murfreesboro--Franklin, TN",12480.0,1454.0,0.11650641025641026,12480.0,404.0,0.032371794871794875,22665.0,1374.0,0.06062210456651224,12480.0,5005.0,0.4010416666666667
"New Bern, NC",605.0,44.0,0.07272727272727272,605.0,15.0,0.024793388429752067,651.0,33.0,0.05069124423963134,605.0,155.0,0.256198347107438
"New Haven-Milford, CT",4873.0,470.0,0.0964498255694644,4873.0,150.0,0.03078185922429715,6658.0,368.0,0.05527185340943226,4873.0,2086.0,0.428073055612559
"New Orleans-Metairie, LA",7645.0,937.0,0.12256376716808372,7645.0,361.0,0.04722040549378679,10273.0,633.0,0.061617833154871994,7645.0,3154.0,0.41255722694571617
"New York-Newark-Jersey City, NY-NJ-PA",111730.0,11695.0,0.10467197708762195,111730.0,4887.0,0.043739371699633045,218807.0,10869.0,0.049673913540243225,111730.0,55171.0,0.49378859751185894
"Niles, MI",1001.0,117.0,0.11688311688311688,1001.0,34.0,0.03396603396603397,877.0,52.0,0.059293044469783354,1001.0,355.0,0.3546453546453546
"North Port-Sarasota-Bradenton, FL",4559.0,729.0,0.15990348760693135,4559.0,340.0,0.07457775828032463,6657.0,576.0,0.08652546191978369,4559.0,1719.0,0.377056372011406
"Norwich-New London, CT",1867.0,160.0,0.0856989823245849,1867.0,60.0,0.032137118371719335,2099.0,116.0,0.055264411624583135,1867.0,700.0,0.3749330476700589
"Ocala, FL",1404.0,174.0,0.12393162393162394,1404.0,76.0,0.05413105413105413,1964.0,156.0,0.07942973523421588,1404.0,360.0,0.2564102564102564
"Ocean City, NJ",841.0,109.0,0.12960760998810938,841.0,52.0,0.06183115338882283,444.0,41.0,0.09234234234234234,841.0,379.0,0.450653983353151
"Odessa, TX",598.0,61.0,0.1020066889632107,598.0,20.0,0.033444816053511704,250.0,10.0,0.04,598.0,115.0,0.19230769230769232
"Ogden-Clearfield, UT",3293.0,286.0,0.08685089583965988,3293.0,125.0,0.03795930762222897,11552.0,619.0,0.05358379501385042,3293.0,1083.0,0.3288794412389918
"Ogdensburg-Massena, NY",1036.0,110.0,0.10617760617760617,1036.0,38.0,0.03667953667953668,275.0,7.0,0.025454545454545455,1036.0,252.0,0.24324324324324326
"Oklahoma City, OK",6041.0,682.0,0.11289521602383712,6041.0,242.0,0.04005959278265188,11600.0,699.0,0.06025862068965517,6041.0,1844.0,0.3052474755835127
"Olympia-Lacey-Tumwater, WA",1557.0,137.0,0.08798972382787412,1557.0,59.0,0.03789338471419396,2068.0,157.0,0.07591876208897486,1557.0,597.0,0.3834296724470135
"Omaha-Council Bluffs, NE-IA",5631.0,553.0,0.09820635766293731,5631.0,211.0,0.037471141893091815,9982.0,537.0,0.05379683430174314,5631.0,2073.0,0.36814064997336177
"Orlando-Kissimmee-Sanford, FL",12343.0,1490.0,0.12071619541440493,12343.0,733.0,0.05938588673742202,29154.0,1664.0,0.05707621595664403,12343.0,4771.0,0.38653487806854087
"Oshkosh-Neenah, WI",861.0,74.0,0.0859465737514518,861.0,29.0,0.03368176538908246,1684.0,69.0,0.040973871733966744,861.0,244.0,0.28339140534262486
"Ottawa, IL",885.0,73.0,0.08248587570621468,885.0,26.0,0.02937853107344633,443.0,19.0,0.04288939051918736,885.0,176.0,0.19887005649717515
"Owensboro, KY",624.0,47.0,0.07532051282051282,624.0,19.0,0.030448717948717948,593.0,40.0,0.06745362563237774,624.0,160.0,0.2564102564102564
"Oxnard-Thousand Oaks-Ventura, CA",5239.0,659.0,0.1257873640007635,5239.0,216.0,0.04122924222179805,5779.0,481.0,0.08323239314760339,5239.0,1951.0,0.37239931284596295
"Palm Bay-Melbourne-Titusville, FL",3282.0,448.0,0.1365021328458257,3282.0,205.0,0.06246191346739793,4567.0,288.0,0.06306109043135538,3282.0,1218.0,0.3711151736745887
"Parkersburg-Vienna, WV",562.0,59.0,0.10498220640569395,562.0,23.0,0.04092526690391459,503.0,25.0,0.04970178926441352,562.0,185.0,0.3291814946619217
"Pensacola-Ferry Pass-Brent, FL",2945.0,324.0,0.1100169779286927,2945.0,135.0,0.04584040747028863,3686.0,217.0,0.058871405317417254,2945.0,891.0,0.30254668930390494
"Peoria, IL",1947.0,169.0,0.08680020544427323,1947.0,62.0,0.03184386235233693,2866.0,103.0,0.03593859036985345,1947.0,659.0,0.33846944016435543
"Philadelphia-Camden-Wilmington, PA-NJ-DE-MD",32702.0,2941.0,0.08993333741055592,32702.0,1213.0,0.03709253256681549,51491.0,2586.0,0.05022236895768192,32702.0,14745.0,0.45088985383156993
"Phoenix-Mesa-Chandler, AZ",27748.0,3000.0,0.10811590024506271,27748.0,1211.0,0.043642785065590314,48254.0,3000.0,0.06217101172959755,27748.0,10298.0,0.37112584690788525
"Pittsburgh, PA",14376.0,1135.0,0.07895102949360044,14376.0,433.0,0.03011964385086255,22418.0,1010.0,0.04505308234454456,14376.0,5781.0,0.40212854757929883
"Pittsfield, MA",1072.0,151.0,0.14085820895522388,1072.0,51.0,0.04757462686567164,697.0,48.0,0.06886657101865136,1072.0,404.0,0.376865671641791
"Port St. Lucie, FL",2101.0,349.0,0.1661113755354593,2101.0,168.0,0.07996192289386006,2730.0,231.0,0.08461538461538462,2101.0,648.0,0.3084245597334603
"Portland-South Portland, ME",2557.0,337.0,0.13179507235041063,2557.0,108.0,0.0422369964802503,5479.0,393.0,0.07172841759445155,2557.0,1128.0,0.44114196323816973
"Portland-Vancouver-Hillsboro, OR-WA",15462.0,1812.0,0.11719053162592162,15462.0,649.0,0.04197387142672358,28825.0,1908.0,0.06619254119687772,15462.0,6862.0,0.4437976975811667
"Pottsville, PA",1146.0,100.0,0.08726003490401396,1146.0,35.0,0.030541012216404886,365.0,19.0,0.052054794520547946,1146.0,253.0,0.22076788830715532
"Providence-Warwick, RI-MA",10559.0,981.0,0.0929065252391325,10559.0,362.0,0.03428354957855857,13560.0,680.0,0.05014749262536873,10559.0,4004.0,0.3792025760015153
"Provo-Orem, UT",4782.0,500.0,0.10455876202425764,4782.0,227.0,0.04746967795901297,7005.0,420.0,0.059957173447537475,4782.0,1737.0,0.363237139272271
"Pueblo, CO",930.0,105.0,0.11290322580645161,930.0,37.0,0.03978494623655914,670.0,45.0,0.06716417910447761,930.0,267.0,0.2870967741935484
"Punta Gorda, FL",1043.0,167.0,0.1601150527325024,1043.0,58.0,0.05560882070949185,870.0,93.0,0.10689655172413794,1043.0,295.0,0.2828379674017258
"Racine, WI",720.0,50.0,0.06944444444444445,720.0,20.0,0.027777777777777776,1126.0,67.0,0.05950266429840142,720.0,221.0,0.30694444444444446
"Raleigh-Cary, NC",7558.0,790.0,0.10452500661550675,7558.0,327.0,0.043265414130722414,16181.0,873.0,0.05395216612075891,7558.0,4097.0,0.5420746229161154
"Reading, PA",2404.0,221.0,0.09193011647254576,2404.0,70.0,0.029118136439267885,2747.0,133.0,0.04841645431379687,2404.0,660.0,0.27454242928452577
"Redding, CA",1086.0,164.0,0.15101289134438306,1086.0,47.0,0.0432780847145488,765.0,70.0,0.0915032679738562,1086.0,293.0,0.26979742173112337
"Reno, NV",3033.0,305.0,0.10056050115397297,3033.0,127.0,0.04187273326739202,4505.0,317.0,0.07036625971143175,3033.0,1113.0,0.3669634025717112
"Richmond, VA",7599.0,764.0,0.10053954467693117,7599.0,322.0,0.04237399657849717,11185.0,554.0,0.04953062136790344,7599.0,3237.0,0.4259771022502961
"Riverside-San Bernardino-Ontario, CA",22811.0,2476.0,0.1085441234492131,22811.0,831.0,0.03642979264389987,20516.0,1330.0,0.06482745174497953,22811.0,6034.0,0.2645215027837447
"Roanoke, VA",1886.0,173.0,0.09172852598091198,1886.0,57.0,0.030222693531283137,2441.0,135.0,0.055305202785743544,1886.0,625.0,0.331389183457052
"Rochester, MN",766.0,74.0,0.09660574412532637,766.0,29.0,0.037859007832898174,1426.0,53.0,0.03716690042075736,766.0,356.0,0.46475195822454307
"Rochester, NY",8052.0,738.0,0.09165424739195231,8052.0,238.0,0.029557873820168903,9864.0,480.0,0.04866180048661801,8052.0,2974.0,0.3693492300049677
"Rockford, IL",1722.0,157.0,0.09117305458768873,1722.0,69.0,0.04006968641114982,2025.0,102.0,0.05037037037037037,1722.0,471.0,0.2735191637630662
"Rocky Mount, NC",770.0,53.0,0.06883116883116883,770.0,22.0,0.02857142857142857,731.0,39.0,0.0533515731874145,770.0,183.0,0.23766233766233766
"Roseburg, OR",596.0,76.0,0.12751677852348994,596.0,14.0,0.02348993288590604,242.0,20.0,0.08264462809917356,596.0,115.0,0.1929530201342282
"Sacramento-Roseville-Folsom, CA",13718.0,1554.0,0.1132818195072168,13718.0,513.0,0.037396121883656507,20703.0,1226.0,0.05921847075303096,13718.0,5438.0,0.39641347135150895
"Saginaw, MI",1034.0,82.0,0.07930367504835589,1034.0,25.0,0.024177949709864602,879.0,51.0,0.05802047781569966,1034.0,237.0,0.22920696324951645
"Salem, OH",575.0,46.0,0.08,575.0,8.0,0.01391304347826087,319.0,19.0,0.05956112852664577,575.0,115.0,0.2
"Salem, OR",1915.0,201.0,0.10496083550913839,1915.0,64.0,0.03342036553524804,2218.0,167.0,0.07529305680793508,1915.0,524.0,0.27362924281984335
"Salinas, CA",3004.0,316.0,0.1051930758988016,3004.0,96.0,0.03195739014647137,2203.0,153.0,0.06945074897866546,3004.0,861.0,0.2866178428761651
"Salisbury, MD-DE",2825.0,352.0,0.12460176991150443,2825.0,163.0,0.05769911504424779,2076.0,159.0,0.07658959537572255,2825.0,927.0,0.328141592920354
"Salt Lake City, UT",7615.0,738.0,0.096913985554826,7615.0,360.0,0.04727511490479317,9283.0,484.0,0.05213831735430357,7615.0,2718.0,0.35692711753118844
"San Angelo, TX",691.0,82.0,0.11866859623733719,691.0,29.0,0.041968162083936326,724.0,53.0,0.07320441988950276,691.0,170.0,0.2460202604920405
"San Antonio-New Braunfels, TX",13132.0,1414.0,0.10767590618336886,13132.0,421.0,0.03205909229363387,21018.0,1191.0,0.056665715101341704,13132.0,4370.0,0.3327749010051782
"San Diego-Chula Vista-Carlsbad, CA",18470.0,2213.0,0.11981591770438549,18470.0,734.0,0.03974011911207363,38295.0,2376.0,0.06204465334900117,18470.0,7909.0,0.4282079047103411
"San Francisco-Oakland-Berkeley, CA",29077.0,3425.0,0.11779069367541356,29077.0,1051.0,0.036145407022732744,76128.0,4147.0,0.05447404371584699,29077.0,16544.0,0.5689720397565086
"San Jose-Sunnyvale-Santa Clara, CA",12814.0,1198.0,0.09349149367878883,12814.0,425.0,0.033166848759169656,24809.0,1085.0,0.043734128743601115,12814.0,7275.0,0.5677384111128453
"San Luis Obispo-Paso Robles, CA",1647.0,237.0,0.14389799635701275,1647.0,84.0,0.051001821493624776,2373.0,236.0,0.09945217024863043,1647.0,616.0,0.374013357619915
"Santa Cruz-Watsonville, CA",1675.0,274.0,0.1635820895522388,1675.0,56.0,0.03343283582089552,2091.0,190.0,0.09086561453849833,1675.0,765.0,0.45671641791044776
"Santa Fe, NM",1157.0,225.0,0.1944684528954192,1157.0,80.0,0.06914433880726016,2572.0,210.0,0.08164852255054432,1157.0,536.0,0.46326707000864303
"Santa Maria-Santa Barbara, CA",2723.0,349.0,0.12816746235769372,2723.0,127.0,0.04663973558575101,3602.0,297.0,0.08245419211549139,2723.0,1049.0,0.3852368710980536
"Santa Rosa-Petaluma, CA",2959.0,513.0,0.17336938154782022,2959.0,139.0,0.046975329503210546,3363.0,343.0,0.10199226880761225,2959.0,1163.0,0.39303818857722206
"Savannah, GA",1786.0,198.0,0.11086226203807391,1786.0,83.0,0.04647256438969765,4003.0,256.0,0.06395203597302024,1786.0,673.0,0.37681970884658456
"Scranton--Wilkes-Barre, PA",3228.0,250.0,0.07744733581164807,3228.0,86.0,0.02664188351920694,3420.0,159.0,0.04649122807017544,3228.0,985.0,0.3051425030978934
"Seattle-Tacoma-Bellevue, WA",24352.0,2411.0,0.09900624178712221,24352.0,896.0,0.03679369250985545,54443.0,2782.0,0.051099314879782524,24352.0,11698.0,0.4803712220762155
"Sebastian-Vero Beach, FL",751.0,134.0,0.17842876165113183,751.0,74.0,0.0985352862849534,874.0,96.0,0.10983981693363844,751.0,296.0,0.3941411451398136
"Sheboygan, WI",705.0,78.0,0.11063829787234042,705.0,19.0,0.02695035460992908,907.0,58.0,0.0639470782800441,705.0,187.0,0.2652482269503546
"Shreveport-Bossier City, LA",1900.0,172.0,0.09052631578947369,1900.0,79.0,0.041578947368421056,2491.0,165.0,0.06623845845042152,1900.0,498.0,0.26210526315789473
"South Bend-Mishawaka, IN-MI",1812.0,131.0,0.07229580573951434,1812.0,58.0,0.03200883002207505,2444.0,129.0,0.052782324058919805,1812.0,634.0,0.3498896247240618
"Spartanburg, SC",2037.0,183.0,0.0898379970544919,2037.0,63.0,0.030927835051546393,1703.0,111.0,0.06517909571344686,2037.0,541.0,0.265586647029946
"Spokane-Spokane Valley, WA",4066.0,432.0,0.10624692572552878,4066.0,161.0,0.03959665518937531,3600.0,245.0,0.06805555555555555,4066.0,1185.0,0.2914412198721102
"Springfield, IL",1224.0,90.0,0.07352941176470588,1224.0,34.0,0.027777777777777776,1517.0,73.0,0.04812129202373105,1224.0,467.0,0.3815359477124183
"Springfield, MA",3464.0,312.0,0.09006928406466513,3464.0,108.0,0.03117782909930716,5080.0,295.0,0.058070866141732284,3464.0,1335.0,0.3853926096997691
"Springfield, MO",2002.0,235.0,0.11738261738261738,2002.0,100.0,0.04995004995004995,2903.0,197.0,0.06786083362039269,2002.0,628.0,0.31368631368631367
"Springfield, OH",935.0,78.0,0.08342245989304813,935.0,17.0,0.01818181818181818,536.0,36.0,0.06716417910447761,935.0,197.0,0.2106951871657754
"St. Cloud, MN",1107.0,142.0,0.12827461607949414,1107.0,50.0,0.045167118337850046,1646.0,88.0,0.053462940461725394,1107.0,254.0,0.22944896115627822
"St. George, UT",654.0,99.0,0.15137614678899083,654.0,45.0,0.06880733944954129,1078.0,105.0,0.09740259740259741,654.0,203.0,0.3103975535168196
"St. Joseph, MO-KS",909.0,80.0,0.08800880088008801,909.0,21.0,0.0231023102310231,642.0,31.0,0.048286604361370715,909.0,223.0,0.24532453245324531
"St. Louis, MO-IL",15572.0,1329.0,0.08534549190855381,15572.0,504.0,0.03236578474184434,20748.0,1055.0,0.05084827453248506,15572.0,6226.0,0.39982019008476755
"State College, PA",994.0,86.0,0.08651911468812877,994.0,23.0,0.023138832997987926,1687.0,59.0,0.034973325429756966,994.0,383.0,0.3853118712273642
"Stockton, CA",3631.0,352.0,0.0969429909115946,3631.0,114.0,0.03139630955659598,3454.0,210.0,0.06079907353792704,3631.0,758.0,0.20875791792894519
"Syracuse, NY",5198.0,448.0,0.08618699499807618,5198.0,160.0,0.030781069642170065,4326.0,198.0,0.04576976421636616,5198.0,1777.0,0.3418622547133513
"Tallahassee, FL",1943.0,184.0,0.09469891919711786,1943.0,74.0,0.03808543489449305,3865.0,176.0,0.045536869340232856,1943.0,901.0,0.46371590324240863
"Tampa-St. Petersburg-Clearwater, FL",20111.0,2499.0,0.1242603550295858,20111.0,1164.0,0.05787877281089951,32871.0,2092.0,0.06364272459006419,20111.0,7690.0,0.3823778031922828
"Terre Haute, IN",631.0,43.0,0.06814580031695722,631.0,21.0,0.03328050713153724,1002.0,38.0,0.03792415169660679,631.0,146.0,0.23137876386687797
"Toledo, OH",3815.0,321.0,0.08414154652686763,3815.0,107.0,0.02804718217562254,5166.0,241.0,0.046651180797522264,3815.0,1153.0,0.3022280471821756
"Topeka, KS",1418.0,136.0,0.09590973201692525,1418.0,41.0,0.028913963328631876,1517.0,69.0,0.045484508899143045,1418.0,413.0,0.2912552891396333
"Torrington, CT",1400.0,211.0,0.15071428571428572,1400.0,73.0,0.052142857142857144,824.0,77.0,0.09344660194174757,1400.0,585.0,0.41785714285714287
"Trenton-Princeton, NJ",2089.0,170.0,0.0813786500718047,2089.0,47.0,0.022498803255146003,3779.0,170.0,0.0449854458851548,2089.0,1046.0,0.5007180469123983
"Tucson, AZ",6397.0,731.0,0.1142723151477255,6397.0,268.0,0.04189463811161482,7897.0,491.0,0.062175509687223,6397.0,2251.0,0.3518836954822573
"Tuscaloosa, AL",1227.0,116.0,0.0945395273023635,1227.0,46.0,0.037489812550937245,1700.0,74.0,0.04352941176470588,1227.0,353.0,0.28769356153219233
"Tyler, TX",1233.0,134.0,0.10867802108678021,1233.0,45.0,0.0364963503649635,1366.0,91.0,0.06661786237188873,1233.0,350.0,0.28386050283860503
"Urban Honolulu, HI",6552.0,624.0,0.09523809523809523,6552.0,216.0,0.03296703296703297,5712.0,328.0,0.05742296918767507,6552.0,2506.0,0.38247863247863245
"Utica-Rome, NY",1947.0,194.0,0.09964047252182845,1947.0,74.0,0.03800719054956343,1558.0,99.0,0.06354300385109114,1947.0,547.0,0.2809450436569081
"Valdosta, GA",617.0,57.0,0.09238249594813615,617.0,20.0,0.03241491085899514,742.0,44.0,0.05929919137466307,617.0,151.0,0.24473257698541329
"Vallejo, CA",2541.0,228.0,0.089728453364817,2541.0,63.0,0.024793388429752067,2539.0,164.0,0.06459235919653407,2541.0,735.0,0.2892561983471074
"Virginia Beach-Norfolk-Newport News, VA-NC",10217.0,762.0,0.07458157972007438,10217.0,306.0,0.029950083194675542,15895.0,794.0,0.04995281535073923,10217.0,3681.0,0.3602818831359499
"Visalia, CA",2071.0,223.0,0.10767745050700145,2071.0,67.0,0.032351521004345726,1112.0,60.0,0.0539568345323741,2071.0,361.0,0.1743119266055046
"Waco, TX",1629.0,149.0,0.09146715776550031,1629.0,43.0,0.026396562308164517,1775.0,88.0,0.049577464788732394,1629.0,457.0,0.2805402087170043
"Washington-Arlington-Alexandria, DC-VA-MD-WV",41555.0,3996.0,0.09616171339189027,41555.0,1594.0,0.038358801588256525,88304.0,3532.0,0.03999818807755028,41555.0,23820.0,0.5732162194681747
"Waterloo-Cedar Falls, IA",671.0,59.0,0.08792846497764531,671.0,19.0,0.028315946348733235,1157.0,54.0,0.046672428694900604,671.0,194.0,0.28912071535022354
"Wausau-Weston, WI",1066.0,121.0,0.11350844277673545,1066.0,51.0,0.04784240150093809,835.0,56.0,0.06706586826347305,1066.0,243.0,0.22795497185741087
"Wenatchee, WA",723.0,70.0,0.09681881051175657,723.0,29.0,0.040110650069156296,536.0,45.0,0.08395522388059702,723.0,225.0,0.3112033195020747
"Whitewater, WI",675.0,94.0,0.13925925925925925,675.0,49.0,0.0725925925925926,726.0,64.0,0.0881542699724518,675.0,213.0,0.31555555555555553
"Wichita Falls, TX",994.0,82.0,0.08249496981891348,994.0,20.0,0.02012072434607646,746.0,51.0,0.06836461126005362,994.0,240.0,0.2414486921529175
"Wichita, KS",3077.0,275.0,0.08937276568085797,3077.0,107.0,0.034774130646733833,5755.0,298.0,0.05178105994787142,3077.0,1033.0,0.33571660708482287
"Wilmington, NC",1597.0,251.0,0.15716969317470256,1597.0,89.0,0.05572949279899812,2674.0,223.0,0.08339566192969335,1597.0,657.0,0.4113963681903569
"Winston-Salem, NC",3603.0,395.0,0.1096308631695809,3603.0,148.0,0.041076880377463224,4230.0,268.0,0.06335697399527186,3603.0,1297.0,0.35997779628087706
"Wooster, OH",971.0,108.0,0.11122554067971163,971.0,25.0,0.025746652935118436,519.0,28.0,0.05394990366088632,971.0,242.0,0.24922760041194644
"Worcester, MA-CT",6556.0,536.0,0.08175716900549115,6556.0,173.0,0.02638804148871263,6613.0,336.0,0.050809012551035836,6556.0,2577.0,0.3930750457596095
"Yakima, WA",1330.0,116.0,0.08721804511278196,1330.0,44.0,0.03308270676691729,1013.0,64.0,0.0631786771964462,1330.0,270.0,0.20300751879699247
"York-Hanover, PA",2480.0,200.0,0.08064516129032258,2480.0,65.0,0.02620967741935484,3110.0,162.0,0.05209003215434083,2480.0,694.0,0.27983870967741936
"Youngstown-Warren-Boardman, OH-PA",3419.0,334.0,0.09768938286048552,3419.0,123.0,0.03597543141269377,2773.0,145.0,0.05228993869455464,3419.0,865.0,0.25299795261772445
"Yuba City, CA",926.0,102.0,0.1101511879049676,926.0,30.0,0.032397408207343416,639.0,44.0,0.06885758998435054,926.0,184.0,0.19870410367170627
"Yuma, AZ",1061.0,89.0,0.08388312912346843,1061.0,33.0,0.03110273327049953,748.0,49.0,0.06550802139037433,1061.0,211.0,0.1988689915174364
"Aberdeen, SD",,,,,,,180.0,9.0,0.05,,,
"Aberdeen, WA",,,,,,,214.0,18.0,0.08411214953271028,,,
"Ada, OK",,,,,,,180.0,15.0,0.08333333333333333,,,
"Adrian, MI",,,,,,,382.0,17.0,0.04450261780104712,,,
"Alamogordo, NM",,,,,,,182.0,18.0,0.0989010989010989,,,
"Albany, GA",,,,,,,823.0,48.0,0.0583232077764277,,,
"Albany-Lebanon, OR",,,,,,,246.0,17.0,0.06910569105691057,,,
"Albemarle, NC",,,,,,,230.0,14.0,0.06086956521739131,,,
"Albert Lea, MN",,,,,,,84.0,5.0,0.05952380952380952,,,
"Albertville, AL",,,,,,,303.0,22.0,0.07260726072607261,,,
"Alexander City, AL",,,,,,,131.0,12.0,0.0916030534351145,,,
"Alexandria, LA",,,,,,,730.0,47.0,0.06438356164383562,,,
"Alexandria, MN",,,,,,,200.0,16.0,0.08,,,
"Alice, TX",,,,,,,95.0,10.0,0.10526315789473684,,,
"Alma, MI",,,,,,,107.0,7.0,0.06542056074766354,,,
"Alpena, MI",,,,,,,89.0,7.0,0.07865168539325842,,,
"Altoona, PA",,,,,,,719.0,34.0,0.04728789986091794,,,
"Altus, OK",,,,,,,96.0,7.0,0.07291666666666667,,,
"Americus, GA",,,,,,,84.0,7.0,0.08333333333333333,,,
"Ames, IA",,,,,,,1145.0,33.0,0.028820960698689956,,,
"Amsterdam, NY",,,,,,,154.0,10.0,0.06493506493506493,,,
"Andrews, TX",,,,,,,79.0,4.0,0.05063291139240506,,,
"Angola, IN",,,,,,,147.0,8.0,0.05442176870748299,,,
"Arcadia, FL",,,,,,,62.0,9.0,0.14516129032258066,,,
"Ardmore, OK",,,,,,,195.0,9.0,0.046153846153846156,,,
"Arkadelphia, AR",,,,,,,72.0,3.0,0.041666666666666664,,,
"Ashland, OH",,,,,,,244.0,17.0,0.06967213114754098,,,
"Astoria, OR",,,,,,,426.0,46.0,0.107981220657277,,,
"Atchison, KS",,,,,,,71.0,1.0,0.014084507042253521,,,
"Athens, OH",,,,,,,460.0,14.0,0.030434782608695653,,,
"Athens, TN",,,,,,,149.0,9.0,0.06040268456375839,,,
"Athens, TX",,,,,,,229.0,16.0,0.06986899563318777,,,
"Atmore, AL",,,,,,,99.0,8.0,0.08080808080808081,,,
"Auburn, IN",,,,,,,180.0,6.0,0.03333333333333333,,,
"Auburn, NY",,,,,,,234.0,10.0,0.042735042735042736,,,
"Austin, MN",,,,,,,455.0,16.0,0.035164835164835165,,,
"Bainbridge, GA",,,,,,,64.0,5.0,0.078125,,,
"Baraboo, WI",,,,,,,353.0,31.0,0.08781869688385269,,,
"Bardstown, KY",,,,,,,155.0,12.0,0.07741935483870968,,,
"Barre, VT",,,,,,,384.0,37.0,0.09635416666666667,,,
"Batavia, NY",,,,,,,189.0,5.0,0.026455026455026454,,,
"Batesville, AR",,,,,,,124.0,5.0,0.04032258064516129,,,
"Battle Creek, MI",,,,,,,648.0,24.0,0.037037037037037035,,,
"Bay City, MI",,,,,,,105.0,3.0,0.02857142857142857,,,
"Bay City, TX",,,,,,,22.0,1.0,0.045454545454545456,,,
"Beatrice, NE",,,,,,,47.0,7.0,0.14893617021276595,,,
"Beaver Dam, WI",,,,,,,334.0,15.0,0.04491017964071856,,,
"Beckley, WV",,,,,,,300.0,21.0,0.07,,,
"Bedford, IN",,,,,,,153.0,8.0,0.05228758169934641,,,
"Beeville, TX",,,,,,,60.0,4.0,0.06666666666666667,,,
"Bellefontaine, OH",,,,,,,110.0,6.0,0.05454545454545454,,,
"Bemidji, MN",,,,,,,226.0,19.0,0.084070796460177,,,
"Bennettsville, SC",,,,,,,34.0,0.0,0.0,,,
"Bennington, VT",,,,,,,185.0,21.0,0.11351351351351352,,,
"Berlin, NH",,,,,,,88.0,7.0,0.07954545454545454,,,
"Big Rapids, MI",,,,,,,163.0,7.0,0.04294478527607362,,,
"Big Spring, TX",,,,,,,98.0,5.0,0.05102040816326531,,,
"Big Stone Gap, VA",,,,,,,91.0,4.0,0.04395604395604396,,,
"Billings, MT",,,,,,,1248.0,110.0,0.08814102564102565,,,
"Blackfoot, ID",,,,,,,128.0,9.0,0.0703125,,,
"Bloomsburg-Berwick, PA",,,,,,,442.0,14.0,0.03167420814479638,,,
"Bluefield, WV-VA",,,,,,,264.0,18.0,0.06818181818181818,,,
"Bluffton, IN",,,,,,,107.0,4.0,0.037383177570093455,,,
"Blytheville, AR",,,,,,,99.0,4.0,0.04040404040404041,,,
"Bogalusa, LA",,,,,,,94.0,6.0,0.06382978723404255,,,
"Bonham, TX",,,,,,,76.0,5.0,0.06578947368421052,,,
"Boone, NC",,,,,,,563.0,35.0,0.06216696269982238,,,
"Borger, TX",,,,,,,64.0,2.0,0.03125,,,
"Boulder, CO",,,,,,,4831.0,439.0,0.09087145518526185,,,
"Bozeman, MT",,,,,,,1224.0,125.0,0.10212418300653595,,,
"Bradford, PA",,,,,,,118.0,6.0,0.05084745762711865,,,
"Brainerd, MN",,,,,,,354.0,33.0,0.09322033898305085,,,
"Branson, MO",,,,,,,1240.0,86.0,0.06935483870967742,,,
"Breckenridge, CO",,,,,,,293.0,33.0,0.11262798634812286,,,
"Brenham, TX",,,,,,,138.0,15.0,0.10869565217391304,,,
"Brevard, NC",,,,,,,141.0,13.0,0.09219858156028368,,,
"Brookhaven, MS",,,,,,,98.0,8.0,0.08163265306122448,,,
"Brookings, OR",,,,,,,73.0,7.0,0.0958904109589041,,,
"Brookings, SD",,,,,,,304.0,13.0,0.04276315789473684,,,
"Brownsville, TN",,,,,,,275.0,9.0,0.03272727272727273,,,
"Brownwood, TX",,,,,,,126.0,11.0,0.0873015873015873,,,
"Brunswick, GA",,,,,,,580.0,56.0,0.09655172413793103,,,
"Bucyrus-Galion, OH",,,,,,,147.0,9.0,0.061224489795918366,,,
"Burley, ID",,,,,,,136.0,15.0,0.11029411764705882,,,
"Burlington, IA-IL",,,,,,,846.0,53.0,0.06264775413711583,,,
"Butte-Silver Bow, MT",,,,,,,178.0,12.0,0.06741573033707865,,,
"Cadillac, MI",,,,,,,117.0,9.0,0.07692307692307693,,,
"Calhoun, GA",,,,,,,212.0,15.0,0.07075471698113207,,,
"California-Lexington Park, MD",,,,,,,2289.0,102.0,0.04456094364351245,,,
"Cambridge, MD",,,,,,,102.0,10.0,0.09803921568627451,,,
"Cambridge, OH",,,,,,,96.0,8.0,0.08333333333333333,,,
"Camden, AR",,,,,,,74.0,6.0,0.08108108108108109,,,
"Campbellsville, KY",,,,,,,103.0,5.0,0.04854368932038835,,,
"Cape Girardeau, MO-IL",,,,,,,495.0,27.0,0.05454545454545454,,,
"Carbondale-Marion, IL",,,,,,,618.0,37.0,0.059870550161812294,,,
"Carlsbad-Artesia, NM",,,,,,,249.0,12.0,0.04819277108433735,,,
"Carroll, IA",,,,,,,63.0,3.0,0.047619047619047616,,,
"Carson City, NV",,,,,,,351.0,20.0,0.05698005698005698,,,
"Casper, WY",,,,,,,614.0,43.0,0.07003257328990228,,,
"Caon City, CO",,,,,,,150.0,22.0,0.14666666666666667,,,
"Cedar City, UT",,,,,,,364.0,22.0,0.06043956043956044,,,
"Cedartown, GA",,,,,,,124.0,11.0,0.08870967741935484,,,
"Celina, OH",,,,,,,151.0,4.0,0.026490066225165563,,,
"Central City, KY",,,,,,,63.0,1.0,0.015873015873015872,,,
"Centralia, IL",,,,,,,122.0,10.0,0.08196721311475409,,,
"Centralia, WA",,,,,,,209.0,17.0,0.08133971291866028,,,
"Chambersburg-Waynesboro, PA",,,,,,,560.0,34.0,0.060714285714285714,,,
"Charleston-Mattoon, IL",,,,,,,254.0,18.0,0.07086614173228346,,,
"Charlottesville, VA",,,,,,,2652.0,151.0,0.05693815987933635,,,
"Cheyenne, WY",,,,,,,862.0,47.0,0.054524361948955914,,,
"Chillicothe, OH",,,,,,,250.0,13.0,0.052,,,
"Clarksburg, WV",,,,,,,337.0,26.0,0.0771513353115727,,,
"Clarksdale, MS",,,,,,,51.0,6.0,0.11764705882352941,,,
"Clearlake, CA",,,,,,,163.0,22.0,0.13496932515337423,,,
"Cleveland, MS",,,,,,,6095.0,226.0,0.03707957342083675,,,
"Cleveland, TN",,,,,,,653.0,38.0,0.05819295558958652,,,
"Clewiston, FL",,,,,,,81.0,7.0,0.08641975308641975,,,
"Clinton, IA",,,,,,,139.0,5.0,0.03597122302158273,,,
"Clovis, NM",,,,,,,191.0,9.0,0.04712041884816754,,,
"Coffeyville, KS",,,,,,,114.0,5.0,0.043859649122807015,,,
"Coldwater, MI",,,,,,,130.0,6.0,0.046153846153846156,,,
"Columbus, GA-AL",,,,,,,1786.0,93.0,0.052071668533034715,,,
"Columbus, IN",,,,,,,641.0,22.0,0.0343213728549142,,,
"Columbus, MS",,,,,,,275.0,19.0,0.06909090909090909,,,
"Columbus, NE",,,,,,,106.0,8.0,0.07547169811320754,,,
"Concord, NH",,,,,,,1166.0,80.0,0.0686106346483705,,,
"Connersville, IN",,,,,,,90.0,5.0,0.05555555555555555,,,
"Cookeville, TN",,,,,,,530.0,33.0,0.062264150943396226,,,
"Coos Bay, OR",,,,,,,219.0,25.0,0.1141552511415525,,,
"Cordele, GA",,,,,,,69.0,7.0,0.10144927536231885,,,
"Corinth, MS",,,,,,,109.0,8.0,0.07339449541284404,,,
"Cornelia, GA",,,,,,,180.0,12.0,0.06666666666666667,,,
"Corning, NY",,,,,,,228.0,8.0,0.03508771929824561,,,
"Corsicana, TX",,,,,,,119.0,13.0,0.1092436974789916,,,
"Cortland, NY",,,,,,,168.0,14.0,0.08333333333333333,,,
"Corvallis, OR",,,,,,,1028.0,48.0,0.04669260700389105,,,
"Coshocton, OH",,,,,,,20.0,0.0,0.0,,,
"Craig, CO",,,,,,,40.0,4.0,0.1,,,
"Crawfordsville, IN",,,,,,,129.0,6.0,0.046511627906976744,,,
"Crescent City, CA",,,,,,,60.0,9.0,0.15,,,
"Crossville, TN",,,,,,,195.0,23.0,0.11794871794871795,,,
"Cullman, AL",,,,,,,290.0,21.0,0.07241379310344828,,,
"Cullowhee, NC",,,,,,,319.0,27.0,0.08463949843260188,,,
"Cumberland, MD-WV",,,,,,,367.0,18.0,0.04904632152588556,,,
"Danville, IL",,,,,,,206.0,11.0,0.05339805825242718,,,
"Danville, KY",,,,,,,169.0,18.0,0.10650887573964497,,,
"Danville, VA",,,,,,,405.0,20.0,0.04938271604938271,,,
"Dayton, TN",,,,,,,1786.0,69.0,0.03863381858902576,,,
"Dayton-Kettering, OH",,,,,,,5786.0,274.0,0.0473556861389561,,,
"DeRidder, LA",,,,,,,110.0,6.0,0.05454545454545454,,,
"Decatur, IN",,,,,,,105.0,2.0,0.01904761904761905,,,
"Defiance, OH",,,,,,,143.0,10.0,0.06993006993006994,,,
"Del Rio, TX",,,,,,,111.0,10.0,0.09009009009009009,,,
"Deming, NM",,,,,,,37.0,2.0,0.05405405405405406,,,
"Dickinson, ND",,,,,,,182.0,10.0,0.054945054945054944,,,
"Dixon, IL",,,,,,,141.0,7.0,0.04964539007092199,,,
"Dodge City, KS",,,,,,,83.0,5.0,0.060240963855421686,,,
"Dothan, AL",,,,,,,742.0,49.0,0.0660377358490566,,,
"Douglas, GA",,,,,,,106.0,4.0,0.03773584905660377,,,
"DuBois, PA",,,,,,,181.0,13.0,0.0718232044198895,,,
"Dublin, GA",,,,,,,106.0,7.0,0.0660377358490566,,,
"Dubuque, IA",,,,,,,839.0,36.0,0.04290822407628129,,,
"Duluth, MN-WI",,,,,,,1831.0,86.0,0.04696886947023485,,,
"Dumas, TX",,,,,,,46.0,3.0,0.06521739130434782,,,
"Duncan, OK",,,,,,,154.0,10.0,0.06493506493506493,,,
"Durango, CO",,,,,,,464.0,43.0,0.09267241379310345,,,
"Durant, OK",,,,,,,167.0,10.0,0.059880239520958084,,,
"Dyersburg, TN",,,,,,,120.0,6.0,0.05,,,
"Eagle Pass, TX",,,,,,,92.0,2.0,0.021739130434782608,,,
"Easton, MD",,,,,,,199.0,15.0,0.07537688442211055,,,
"Edwards, CO",,,,,,,266.0,34.0,0.12781954887218044,,,
"Effingham, IL",,,,,,,137.0,6.0,0.043795620437956206,,,
"El Campo, TX",,,,,,,126.0,9.0,0.07142857142857142,,,
"El Dorado, AR",,,,,,,141.0,5.0,0.03546099290780142,,,
"Elizabeth City, NC",,,,,,,234.0,12.0,0.05128205128205128,,,
"Elizabethtown-Fort Knox, KY",,,,,,,669.0,24.0,0.03587443946188341,,,
"Elk City, OK",,,,,,,72.0,6.0,0.08333333333333333,,,
"Elkins, WV",,,,,,,62.0,1.0,0.016129032258064516,,,
"Elko, NV",,,,,,,218.0,10.0,0.045871559633027525,,,
"Ellensburg, WA",,,,,,,274.0,23.0,0.08394160583941605,,,
"Elmira, NY",,,,,,,329.0,15.0,0.04559270516717325,,,
"Emporia, KS",,,,,,,135.0,6.0,0.044444444444444446,,,
"Enid, OK",,,,,,,300.0,27.0,0.09,,,
"Enterprise, AL",,,,,,,84.0,3.0,0.03571428571428571,,,
"Escanaba, MI",,,,,,,265.0,16.0,0.06037735849056604,,,
"Eufaula, AL-GA",,,,,,,52.0,1.0,0.019230769230769232,,,
"Evanston, WY",,,,,,,68.0,8.0,0.11764705882352941,,,
"Fairbanks, AK",,,,,,,571.0,42.0,0.07355516637478109,,,
"Fairfield, IA",,,,,,,142.0,13.0,0.09154929577464789,,,
"Fairmont, MN",,,,,,,51.0,5.0,0.09803921568627451,,,
"Fairmont, WV",,,,,,,244.0,12.0,0.04918032786885246,,,
"Fallon, NV",,,,,,,100.0,17.0,0.17,,,
"Faribault-Northfield, MN",,,,,,,358.0,19.0,0.05307262569832402,,,
"Farmington, MO",,,,,,,230.0,15.0,0.06521739130434782,,,
"Farmington, NM",,,,,,,375.0,29.0,0.07733333333333334,,,
"Fergus Falls, MN",,,,,,,168.0,15.0,0.08928571428571429,,,
"Fernley, NV",,,,,,,193.0,13.0,0.06735751295336788,,,
"Findlay, OH",,,,,,,531.0,29.0,0.054613935969868174,,,
"Fitzgerald, GA",,,,,,,56.0,4.0,0.07142857142857142,,,
"Flint, MI",,,,,,,2254.0,136.0,0.06033717834960071,,,
"Florence-Muscle Shoals, AL",,,,,,,804.0,42.0,0.05223880597014925,,,
"Fond du Lac, WI",,,,,,,546.0,23.0,0.04212454212454213,,,
"Forest City, NC",,,,,,,191.0,18.0,0.09424083769633508,,,
"Forrest City, AR",,,,,,,28.0,2.0,0.07142857142857142,,,
"Fort Dodge, IA",,,,,,,142.0,5.0,0.035211267605633804,,,
"Fort Leonard Wood, MO",,,,,,,219.0,8.0,0.0365296803652968,,,
"Fort Madison-Keokuk, IA-IL-MO",,,,,,,1861.0,77.0,0.04137560451370231,,,
"Fort Morgan, CO",,,,,,,150.0,16.0,0.10666666666666667,,,
"Fort Payne, AL",,,,,,,128.0,14.0,0.109375,,,
"Fort Polk South, LA",,,,,,,177.0,9.0,0.05084745762711865,,,
"Fort Smith, AR-OK",,,,,,,1216.0,61.0,0.05016447368421053,,,
"Frankfort, IN",,,,,,,90.0,7.0,0.07777777777777778,,,
"Frankfort, KY",,,,,,,448.0,23.0,0.05133928571428571,,,
"Fredericksburg, TX",,,,,,,114.0,17.0,0.14912280701754385,,,
"Freeport, IL",,,,,,,142.0,8.0,0.056338028169014086,,,
"Fremont, NE",,,,,,,165.0,8.0,0.048484848484848485,,,
"Fremont, OH",,,,,,,215.0,16.0,0.07441860465116279,,,
"Gaffney, SC",,,,,,,159.0,12.0,0.07547169811320754,,,
"Gainesville, TX",,,,,,,151.0,15.0,0.09933774834437085,,,
"Galesburg, IL",,,,,,,123.0,5.0,0.04065040650406504,,,
"Gallup, NM",,,,,,,90.0,5.0,0.05555555555555555,,,
"Garden City, KS",,,,,,,118.0,5.0,0.0423728813559322,,,
"Gardnerville Ranchos, NV",,,,,,,190.0,18.0,0.09473684210526316,,,
"Georgetown, SC",,,,,,,232.0,19.0,0.08189655172413793,,,
"Gettysburg, PA",,,,,,,388.0,25.0,0.06443298969072164,,,
"Gillette, WY",,,,,,,242.0,21.0,0.08677685950413223,,,
"Glasgow, KY",,,,,,,149.0,15.0,0.10067114093959731,,,
"Glenwood Springs, CO",,,,,,,648.0,90.0,0.1388888888888889,,,
"Gloversville, NY",,,,,,,144.0,9.0,0.0625,,,
"Granbury, TX",,,,,,,295.0,20.0,0.06779661016949153,,,
"Grand Forks, ND-MN",,,,,,,733.0,29.0,0.03956343792633015,,,
"Grand Island, NE",,,,,,,261.0,12.0,0.04597701149425287,,,
"Grand Rapids, MN",,,,,,,2698.0,112.0,0.04151223128243143,,,
"Grants Pass, OR",,,,,,,688.0,74.0,0.10755813953488372,,,
"Grants, NM",,,,,,,36.0,3.0,0.08333333333333333,,,
"Great Bend, KS",,,,,,,77.0,10.0,0.12987012987012986,,,
"Great Falls, MT",,,,,,,547.0,32.0,0.05850091407678245,,,
"Greeley, CO",,,,,,,1751.0,139.0,0.07938320959451742,,,
"Greeneville, TN",,,,,,,189.0,9.0,0.047619047619047616,,,
"Greensburg, IN",,,,,,,117.0,8.0,0.06837606837606838,,,
"Greenville, MS",,,,,,,112.0,5.0,0.044642857142857144,,,
"Greenville, OH",,,,,,,185.0,10.0,0.05405405405405406,,,
"Greenwood, MS",,,,,,,68.0,6.0,0.08823529411764706,,,
"Greenwood, SC",,,,,,,306.0,15.0,0.049019607843137254,,,
"Grenada, MS",,,,,,,71.0,8.0,0.11267605633802817,,,
"Guymon, OK",,,,,,,43.0,3.0,0.06976744186046512,,,
"Hailey, ID",,,,,,,145.0,20.0,0.13793103448275862,,,
"Hammond, LA",,,,,,,619.0,28.0,0.045234248788368334,,,
"Hannibal, MO",,,,,,,33.0,3.0,0.09090909090909091,,,
"Harrison, AR",,,,,,,140.0,7.0,0.05,,,
"Hastings, NE",,,,,,,148.0,9.0,0.060810810810810814,,,
"Hattiesburg, MS",,,,,,,1191.0,63.0,0.05289672544080604,,,
"Hays, KS",,,,,,,206.0,9.0,0.043689320388349516,,,
"Heber, UT",,,,,,,219.0,23.0,0.1050228310502283,,,
"Helena, MT",,,,,,,553.0,45.0,0.081374321880651,,,
"Helena-West Helena, AR",,,,,,,24.0,0.0,0.0,,,
"Henderson, NC",,,,,,,136.0,7.0,0.051470588235294115,,,
"Hereford, TX",,,,,,,49.0,5.0,0.10204081632653061,,,
"Hermiston-Pendleton, OR",,,,,,,249.0,19.0,0.07630522088353414,,,
"Hillsdale, MI",,,,,,,100.0,6.0,0.06,,,
"Hinesville, GA",,,,,,,374.0,19.0,0.05080213903743316,,,
"Hobbs, NM",,,,,,,210.0,14.0,0.06666666666666667,,,
"Hood River, OR",,,,,,,136.0,22.0,0.16176470588235295,,,
"Hope, AR",,,,,,,45.0,3.0,0.06666666666666667,,,
"Hot Springs, AR",,,,,,,473.0,42.0,0.08879492600422834,,,
"Houghton, MI",,,,,,,217.0,3.0,0.013824884792626729,,,
"Hudson, NY",,,,,,,166.0,25.0,0.15060240963855423,,,
"Huntingdon, PA",,,,,,,92.0,6.0,0.06521739130434782,,,
"Huntington, IN",,,,,,,194.0,11.0,0.05670103092783505,,,
"Huntington-Ashland, WV-KY-OH",,,,,,,1189.0,75.0,0.06307821698906645,,,
"Huntsville, TX",,,,,,,348.0,20.0,0.05747126436781609,,,
"Huron, SD",,,,,,,47.0,6.0,0.1276595744680851,,,
"Hutchinson, KS",,,,,,,738.0,28.0,0.037940379403794036,,,
"Hutchinson, MN",,,,,,,172.0,16.0,0.09302325581395349,,,
"Indiana, PA",,,,,,,325.0,14.0,0.043076923076923075,,,
"Indianola, MS",,,,,,,30.0,3.0,0.1,,,
"Iron Mountain, MI-WI",,,,,,,123.0,8.0,0.06504065040650407,,,
"Jackson, OH",,,,,,,79.0,2.0,0.02531645569620253,,,
"Jackson, WY-ID",,,,,,,329.0,43.0,0.13069908814589665,,,
"Jacksonville, IL",,,,,,,107.0,5.0,0.04672897196261682,,,
"Jacksonville, NC",,,,,,,1407.0,46.0,0.032693674484719264,,,
"Jacksonville, TX",,,,,,,225.0,19.0,0.08444444444444445,,,
"Jamestown, ND",,,,,,,83.0,5.0,0.060240963855421686,,,
"Jasper, AL",,,,,,,117.0,9.0,0.07692307692307693,,,
"Jasper, IN",,,,,,,234.0,16.0,0.06837606837606838,,,
"Jefferson, GA",,,,,,,448.0,31.0,0.06919642857142858,,,
"Jennings, LA",,,,,,,63.0,3.0,0.047619047619047616,,,
"Jesup, GA",,,,,,,78.0,3.0,0.038461538461538464,,,
"Jonesboro, AR",,,,,,,542.0,27.0,0.04981549815498155,,,
"Juneau, AK",,,,,,,240.0,20.0,0.08333333333333333,,,
"Kahului-Wailuku-Lahaina, HI",,,,,,,798.0,110.0,0.13784461152882205,,,
"Kalispell, MT",,,,,,,694.0,85.0,0.12247838616714697,,,
"Kapaa, HI",,,,,,,290.0,45.0,0.15517241379310345,,,
"Kearney, NE",,,,,,,301.0,10.0,0.03322259136212625,,,
"Keene, NH",,,,,,,468.0,27.0,0.057692307692307696,,,
"Kendallville, IN",,,,,,,126.0,8.0,0.06349206349206349,,,
"Kennett, MO",,,,,,,28.0,2.0,0.07142857142857142,,,
"Kennewick-Richland, WA",,,,,,,2001.0,134.0,0.06696651674162919,,,
"Kerrville, TX",,,,,,,239.0,27.0,0.11297071129707113,,,
"Ketchikan, AK",,,,,,,80.0,8.0,0.1,,,
"Key West, FL",,,,,,,512.0,46.0,0.08984375,,,
"Kill Devil Hills, NC",,,,,,,226.0,29.0,0.12831858407079647,,,
"Kingsport-Bristol, TN-VA",,,,,,,1402.0,95.0,0.06776034236804565,,,
"Kingston, NY",,,,,,,972.0,78.0,0.08024691358024691,,,
"Kingsville, TX",,,,,,,138.0,1.0,0.007246376811594203,,,
"Kinston, NC",,,,,,,221.0,9.0,0.04072398190045249,,,
"Kirksville, MO",,,,,,,106.0,1.0,0.009433962264150943,,,
"Klamath Falls, OR",,,,,,,239.0,12.0,0.0502092050209205,,,
"Kokomo, IN",,,,,,,597.0,30.0,0.05025125628140704,,,
"La Grande, OR",,,,,,,85.0,8.0,0.09411764705882353,,,
"LaGrange, GA-AL",,,,,,,461.0,27.0,0.05856832971800434,,,
"Laconia, NH",,,,,,,359.0,40.0,0.11142061281337047,,,
"Lake Charles, LA",,,,,,,1551.0,82.0,0.052869116698903935,,,
"Lake City, FL",,,,,,,21.0,4.0,0.19047619047619047,,,
"Lamesa, TX",,,,,,,19.0,2.0,0.10526315789473684,,,
"Laramie, WY",,,,,,,331.0,19.0,0.05740181268882175,,,
"Las Vegas, NM",,,,,,,3657.0,185.0,0.05058791359037462,,,
"Laurel, MS",,,,,,,198.0,13.0,0.06565656565656566,,,
"Laurinburg, NC",,,,,,,71.0,2.0,0.028169014084507043,,,
"Lawrenceburg, TN",,,,,,,84.0,5.0,0.05952380952380952,,,
"Lawton, OK",,,,,,,718.0,41.0,0.057103064066852366,,,
"Lebanon, MO",,,,,,,94.0,3.0,0.031914893617021274,,,
"Lebanon, NH-VT",,,,,,,1237.0,85.0,0.068714632174616,,,
"Levelland, TX",,,,,,,61.0,2.0,0.03278688524590164,,,
"Lewisburg, PA",,,,,,,194.0,10.0,0.05154639175257732,,,
"Lewisburg, TN",,,,,,,126.0,14.0,0.1111111111111111,,,
"Lewiston, ID-WA",,,,,,,523.0,43.0,0.08221797323135756,,,
"Lewistown, PA",,,,,,,92.0,6.0,0.06521739130434782,,,
"Lexington, NE",,,,,,,57.0,8.0,0.14035087719298245,,,
"Liberal, KS",,,,,,,54.0,2.0,0.037037037037037035,,,
"Lincoln, IL",,,,,,,69.0,5.0,0.07246376811594203,,,
"Lock Haven, PA",,,,,,,132.0,5.0,0.03787878787878788,,,
"Logan, UT-ID",,,,,,,1625.0,112.0,0.06892307692307692,,,
"Logansport, IN",,,,,,,116.0,6.0,0.05172413793103448,,,
"London, KY",,,,,,,351.0,19.0,0.05413105413105413,,,
"Longview, WA",,,,,,,495.0,31.0,0.06262626262626263,,,
"Los Alamos, NM",,,,,,,244.0,10.0,0.040983606557377046,,,
"Ludington, MI",,,,,,,104.0,10.0,0.09615384615384616,,,
"Lufkin, TX",,,,,,,297.0,20.0,0.06734006734006734,,,
"Lumberton, NC",,,,,,,327.0,16.0,0.04892966360856269,,,
"Macomb, IL",,,,,,,135.0,3.0,0.022222222222222223,,,
"Madison, IN",,,,,,,158.0,15.0,0.0949367088607595,,,
"Madisonville, KY",,,,,,,134.0,12.0,0.08955223880597014,,,
"Magnolia, AR",,,,,,,75.0,2.0,0.02666666666666667,,,
"Malone, NY",,,,,,,70.0,3.0,0.04285714285714286,,,
"Malvern, AR",,,,,,,51.0,3.0,0.058823529411764705,,,
"Manhattan, KS",,,,,,,1046.0,47.0,0.044933078393881457,,,
"Manitowoc, WI",,,,,,,388.0,17.0,0.04381443298969072,,,
"Mankato, MN",,,,,,,776.0,32.0,0.041237113402061855,,,
"Marietta, OH",,,,,,,200.0,9.0,0.045,,,
"Marinette, WI-MI",,,,,,,185.0,16.0,0.08648648648648649,,,
"Marion, IN",,,,,,,263.0,14.0,0.053231939163498096,,,
"Marion, NC",,,,,,,155.0,8.0,0.05161290322580645,,,
"Marion, OH",,,,,,,231.0,14.0,0.06060606060606061,,,
"Marquette, MI",,,,,,,406.0,25.0,0.06157635467980296,,,
"Marshall, MN",,,,,,,133.0,5.0,0.03759398496240601,,,
"Marshall, MO",,,,,,,48.0,2.0,0.041666666666666664,,,
"Marshalltown, IA",,,,,,,114.0,3.0,0.02631578947368421,,,
"Martin, TN",,,,,,,132.0,2.0,0.015151515151515152,,,
"Martinsville, VA",,,,,,,228.0,10.0,0.043859649122807015,,,
"Maryville, MO",,,,,,,124.0,6.0,0.04838709677419355,,,
"Mason City, IA",,,,,,,61.0,5.0,0.08196721311475409,,,
"Mayfield, KY",,,,,,,75.0,4.0,0.05333333333333334,,,
"Maysville, KY",,,,,,,61.0,3.0,0.04918032786885246,,,
"McAlester, OK",,,,,,,113.0,8.0,0.07079646017699115,,,
"McComb, MS",,,,,,,100.0,7.0,0.07,,,
"McMinnville, TN",,,,,,,90.0,7.0,0.07777777777777778,,,
"McPherson, KS",,,,,,,140.0,3.0,0.02142857142857143,,,
"Meadville, PA",,,,,,,254.0,16.0,0.06299212598425197,,,
"Menomonie, WI",,,,,,,228.0,11.0,0.04824561403508772,,,
"Meridian, MS",,,,,,,272.0,17.0,0.0625,,,
"Mexico, MO",,,,,,,44.0,3.0,0.06818181818181818,,,
"Miami, OK",,,,,,,52.0,1.0,0.019230769230769232,,,
"Middlesborough, KY",,,,,,,37.0,4.0,0.10810810810810811,,,
"Midland, MI",,,,,,,659.0,23.0,0.03490136570561457,,,
"Milledgeville, GA",,,,,,,180.0,3.0,0.016666666666666666,,,
"Minden, LA",,,,,,,70.0,7.0,0.1,,,
"Mineral Wells, TX",,,,,,,81.0,15.0,0.18518518518518517,,,
"Minot, ND",,,,,,,378.0,25.0,0.06613756613756613,,,
"Missoula, MT",,,,,,,1260.0,97.0,0.07698412698412699,,,
"Mitchell, SD",,,,,,,99.0,2.0,0.020202020202020204,,,
"Moberly, MO",,,,,,,92.0,7.0,0.07608695652173914,,,
"Montrose, CO",,,,,,,176.0,14.0,0.07954545454545454,,,
"Morehead City, NC",,,,,,,443.0,38.0,0.08577878103837472,,,
"Morgan City, LA",,,,,,,211.0,14.0,0.06635071090047394,,,
"Morristown, TN",,,,,,,466.0,32.0,0.06866952789699571,,,
"Moscow, ID",,,,,,,306.0,17.0,0.05555555555555555,,,
"Moses Lake, WA",,,,,,,287.0,16.0,0.05574912891986063,,,
"Moultrie, GA",,,,,,,86.0,9.0,0.10465116279069768,,,
"Mount Airy, NC",,,,,,,263.0,11.0,0.04182509505703422,,,
"Mount Gay-Shamrock, WV",,,,,,,44.0,3.0,0.06818181818181818,,,
"Mount Pleasant, MI",,,,,,,426.0,16.0,0.03755868544600939,,,
"Mount Pleasant, TX",,,,,,,117.0,6.0,0.05128205128205128,,,
"Mount Sterling, KY",,,,,,,76.0,4.0,0.05263157894736842,,,
"Mount Vernon, IL",,,,,,,193.0,9.0,0.046632124352331605,,,
"Mount Vernon, OH",,,,,,,261.0,18.0,0.06896551724137931,,,
"Mount Vernon-Anacortes, WA",,,,,,,661.0,56.0,0.08472012102874432,,,
"Mountain Home, AR",,,,,,,113.0,13.0,0.11504424778761062,,,
"Mountain Home, ID",,,,,,,116.0,3.0,0.02586206896551724,,,
"Murray, KY",,,,,,,206.0,10.0,0.04854368932038835,,,
"Muscatine, IA",,,,,,,176.0,13.0,0.07386363636363637,,,
"Muskogee, OK",,,,,,,212.0,15.0,0.07075471698113207,,,
"Nacogdoches, TX",,,,,,,289.0,17.0,0.058823529411764705,,,
"Natchez, MS-LA",,,,,,,114.0,8.0,0.07017543859649122,,,
"Natchitoches, LA",,,,,,,129.0,10.0,0.07751937984496124,,,
"New Castle, IN",,,,,,,141.0,7.0,0.04964539007092199,,,
"New Castle, PA",,,,,,,284.0,23.0,0.08098591549295775,,,
"New Philadelphia-Dover, OH",,,,,,,16239.0,575.0,0.03540858427243057,,,
"New Ulm, MN",,,,,,,104.0,2.0,0.019230769230769232,,,
"Newberry, SC",,,,,,,125.0,7.0,0.056,,,
"Newport, OR",,,,,,,182.0,21.0,0.11538461538461539,,,
"Newport, TN",,,,,,,66.0,4.0,0.06060606060606061,,,
"Nogales, AZ",,,,,,,109.0,5.0,0.045871559633027525,,,
"Norfolk, NE",,,,,,,151.0,12.0,0.07947019867549669,,,
"North Platte, NE",,,,,,,121.0,12.0,0.09917355371900827,,,
"North Vernon, IN",,,,,,,81.0,5.0,0.06172839506172839,,,
"North Wilkesboro, NC",,,,,,,153.0,6.0,0.0392156862745098,,,
"Norwalk, OH",,,,,,,165.0,8.0,0.048484848484848485,,,
"Oak Harbor, WA",,,,,,,459.0,45.0,0.09803921568627451,,,
"Oil City, PA",,,,,,,83.0,4.0,0.04819277108433735,,,
"Okeechobee, FL",,,,,,,112.0,8.0,0.07142857142857142,,,
"Olean, NY",,,,,,,413.0,23.0,0.05569007263922518,,,
"Oneonta, NY",,,,,,,179.0,14.0,0.0782122905027933,,,
"Ontario, OR-ID",,,,,,,122.0,10.0,0.08196721311475409,,,
"Opelousas, LA",,,,,,,228.0,13.0,0.05701754385964912,,,
"Orangeburg, SC",,,,,,,241.0,10.0,0.04149377593360996,,,
"Oskaloosa, IA",,,,,,,80.0,2.0,0.025,,,
"Othello, WA",,,,,,,36.0,2.0,0.05555555555555555,,,
"Ottawa, KS",,,,,,,89.0,9.0,0.10112359550561797,,,
"Ottumwa, IA",,,,,,,95.0,6.0,0.06315789473684211,,,
"Owatonna, MN",,,,,,,200.0,9.0,0.045,,,
"Oxford, MS",,,,,,,440.0,19.0,0.04318181818181818,,,
"Ozark, AL",,,,,,,185.0,11.0,0.05945945945945946,,,
"Paducah, KY-IL",,,,,,,442.0,20.0,0.04524886877828054,,,
"Pahrump, NV",,,,,,,110.0,11.0,0.1,,,
"Palatka, FL",,,,,,,173.0,12.0,0.06936416184971098,,,
"Palestine, TX",,,,,,,155.0,6.0,0.03870967741935484,,,
"Pampa, TX",,,,,,,73.0,7.0,0.0958904109589041,,,
"Panama City, FL",,,,,,,1331.0,108.0,0.0811419984973704,,,
"Paragould, AR",,,,,,,147.0,10.0,0.06802721088435375,,,
"Paris, TN",,,,,,,90.0,6.0,0.06666666666666667,,,
"Paris, TX",,,,,,,157.0,18.0,0.11464968152866242,,,
"Parsons, KS",,,,,,,54.0,5.0,0.09259259259259259,,,
"Payson, AZ",,,,,,,132.0,17.0,0.12878787878787878,,,
"Pearsall, TX",,,,,,,21.0,2.0,0.09523809523809523,,,
"Pecos, TX",,,,,,,44.0,4.0,0.09090909090909091,,,
"Pella, IA",,,,,,,164.0,6.0,0.036585365853658534,,,
"Peru, IN",,,,,,,77.0,4.0,0.05194805194805195,,,
"Picayune, MS",,,,,,,185.0,18.0,0.0972972972972973,,,
"Pierre, SD",,,,,,,115.0,7.0,0.06086956521739131,,,
"Pine Bluff, AR",,,,,,,300.0,11.0,0.03666666666666667,,,
"Pinehurst-Southern Pines, NC",,,,,,,558.0,54.0,0.0967741935483871,,,
"Pittsburg, KS",,,,,,,169.0,13.0,0.07692307692307693,,,
"Plainview, TX",,,,,,,84.0,5.0,0.05952380952380952,,,
"Platteville, WI",,,,,,,151.0,4.0,0.026490066225165563,,,
"Plattsburgh, NY",,,,,,,66.0,2.0,0.030303030303030304,,,
"Plymouth, IN",,,,,,,188.0,19.0,0.10106382978723404,,,
"Pocatello, ID",,,,,,,824.0,42.0,0.050970873786407765,,,
"Point Pleasant, WV-OH",,,,,,,86.0,4.0,0.046511627906976744,,,
"Ponca City, OK",,,,,,,122.0,10.0,0.08196721311475409,,,
"Pontiac, IL",,,,,,,68.0,3.0,0.04411764705882353,,,
"Poplar Bluff, MO",,,,,,,148.0,11.0,0.07432432432432433,,,
"Port Angeles, WA",,,,,,,325.0,28.0,0.08615384615384615,,,
"Port Lavaca, TX",,,,,,,55.0,4.0,0.07272727272727272,,,
"Portales, NM",,,,,,,62.0,4.0,0.06451612903225806,,,
"Portsmouth, OH",,,,,,,182.0,15.0,0.08241758241758242,,,
"Poughkeepsie-Newburgh-Middletown, NY",,,,,,,3773.0,236.0,0.06254969520275643,,,
"Prescott Valley-Prescott, AZ",,,,,,,1224.0,151.0,0.12336601307189543,,,
"Price, UT",,,,,,,74.0,6.0,0.08108108108108109,,,
"Prineville, OR",,,,,,,80.0,9.0,0.1125,,,
"Pullman, WA",,,,,,,436.0,13.0,0.02981651376146789,,,
"Quincy, IL-MO",,,,,,,327.0,12.0,0.03669724770642202,,,
"Rapid City, SD",,,,,,,84.0,5.0,0.05952380952380952,,,
"Raymondville, TX",,,,,,,20.0,1.0,0.05,,,
"Red Bluff, CA",,,,,,,423.0,31.0,0.07328605200945626,,,
"Red Wing, MN",,,,,,,219.0,20.0,0.091324200913242,,,
"Rexburg, ID",,,,,,,666.0,27.0,0.04054054054054054,,,
"Richmond, IN",,,,,,,310.0,19.0,0.06129032258064516,,,
"Richmond-Berea, KY",,,,,,,567.0,24.0,0.042328042328042326,,,
"Rio Grande City-Roma, TX",,,,,,,44.0,2.0,0.045454545454545456,,,
"Riverton, WY",,,,,,,166.0,13.0,0.0783132530120482,,,
"Roanoke Rapids, NC",,,,,,,112.0,7.0,0.0625,,,
"Rochelle, IL",,,,,,,96.0,4.0,0.041666666666666664,,,
"Rock Springs, WY",,,,,,,176.0,12.0,0.06818181818181818,,,
"Rockingham, NC",,,,,,,121.0,10.0,0.08264462809917356,,,
"Rockport, TX",,,,,,,100.0,10.0,0.1,,,
"Rolla, MO",,,,,,,299.0,17.0,0.056856187290969896,,,
"Rome, GA",,,,,,,449.0,20.0,0.044543429844097995,,,
"Roswell, NM",,,,,,,187.0,13.0,0.06951871657754011,,,
"Ruidoso, NM",,,,,,,55.0,14.0,0.2545454545454545,,,
"Russellville, AR",,,,,,,281.0,16.0,0.05693950177935943,,,
"Ruston, LA",,,,,,,297.0,15.0,0.050505050505050504,,,
"Rutland, VT",,,,,,,255.0,17.0,0.06666666666666667,,,
"Safford, AZ",,,,,,,103.0,4.0,0.038834951456310676,,,
"Salina, KS",,,,,,,319.0,15.0,0.047021943573667714,,,
"Sandpoint, ID",,,,,,,176.0,24.0,0.13636363636363635,,,
"Sandusky, OH",,,,,,,194.0,14.0,0.07216494845360824,,,
"Sanford, NC",,,,,,,381.0,27.0,0.07086614173228346,,,
"Sault Ste. Marie, MI",,,,,,,106.0,6.0,0.05660377358490566,,,
"Sayre, PA",,,,,,,155.0,3.0,0.01935483870967742,,,
"Scottsbluff, NE",,,,,,,130.0,12.0,0.09230769230769231,,,
"Scottsboro, AL",,,,,,,84.0,8.0,0.09523809523809523,,,
"Scottsburg, IN",,,,,,,86.0,7.0,0.08139534883720931,,,
"Searcy, AR",,,,,,,256.0,10.0,0.0390625,,,
"Sebring-Avon Park, FL",,,,,,,329.0,30.0,0.0911854103343465,,,
"Sedalia, MO",,,,,,,145.0,12.0,0.08275862068965517,,,
"Selinsgrove, PA",,,,,,,122.0,9.0,0.07377049180327869,,,
"Selma, AL",,,,,,,87.0,2.0,0.022988505747126436,,,
"Seneca Falls, NY",,,,,,,58.0,2.0,0.034482758620689655,,,
"Seneca, SC",,,,,,,353.0,28.0,0.07932011331444759,,,
"Sevierville, TN",,,,,,,506.0,59.0,0.116600790513834,,,
"Seymour, IN",,,,,,,213.0,12.0,0.056338028169014086,,,
"Shawano, WI",,,,,,,79.0,6.0,0.0759493670886076,,,
"Shawnee, OK",,,,,,,225.0,14.0,0.06222222222222222,,,
"Shelby, NC",,,,,,,437.0,31.0,0.07093821510297482,,,
"Shelbyville, TN",,,,,,,580.0,42.0,0.07241379310344828,,,
"Shelton, WA",,,,,,,173.0,16.0,0.09248554913294797,,,
"Sheridan, WY",,,,,,,206.0,22.0,0.10679611650485436,,,
"Sherman-Denison, TX",,,,,,,837.0,65.0,0.07765830346475508,,,
"Show Low, AZ",,,,,,,232.0,26.0,0.11206896551724138,,,
"Sidney, OH",,,,,,,179.0,11.0,0.061452513966480445,,,
"Sierra Vista-Douglas, AZ",,,,,,,575.0,29.0,0.050434782608695654,,,
"Sikeston, MO",,,,,,,57.0,2.0,0.03508771929824561,,,
"Silver City, NM",,,,,,,57.0,5.0,0.08771929824561403,,,
"Sioux City, IA-NE-SD",,,,,,,378.0,16.0,0.042328042328042326,,,
"Sioux Falls, SD",,,,,,,3329.0,196.0,0.05887653950135176,,,
"Snyder, TX",,,,,,,61.0,4.0,0.06557377049180328,,,
"Somerset, KY",,,,,,,200.0,15.0,0.075,,,
"Somerset, PA",,,,,,,182.0,20.0,0.10989010989010989,,,
"Sonora, CA",,,,,,,207.0,27.0,0.13043478260869565,,,
"Spearfish, SD",,,,,,,122.0,10.0,0.08196721311475409,,,
"Spencer, IA",,,,,,,68.0,4.0,0.058823529411764705,,,
"Spirit Lake, IA",,,,,,,89.0,12.0,0.1348314606741573,,,
"St. Marys, GA",,,,,,,268.0,14.0,0.05223880597014925,,,
"St. Marys, PA",,,,,,,100.0,7.0,0.07,,,
"Starkville, MS",,,,,,,382.0,15.0,0.03926701570680628,,,
"Statesboro, GA",,,,,,,470.0,26.0,0.05531914893617021,,,
"Staunton, VA",,,,,,,570.0,33.0,0.05789473684210526,,,
"Steamboat Springs, CO",,,,,,,227.0,30.0,0.13215859030837004,,,
"Stephenville, TX",,,,,,,217.0,20.0,0.09216589861751152,,,
"Sterling, CO",,,,,,,56.0,8.0,0.14285714285714285,,,
"Sterling, IL",,,,,,,175.0,13.0,0.07428571428571429,,,
"Stevens Point, WI",,,,,,,975.0,51.0,0.052307692307692305,,,
"Stillwater, OK",,,,,,,660.0,29.0,0.04393939393939394,,,
"Storm Lake, IA",,,,,,,47.0,4.0,0.0851063829787234,,,
"Sturgis, MI",,,,,,,213.0,20.0,0.09389671361502347,,,
"Sulphur Springs, TX",,,,,,,100.0,8.0,0.08,,,
"Summerville, GA",,,,,,,48.0,1.0,0.020833333333333332,,,
"Sumter, SC",,,,,,,618.0,26.0,0.042071197411003236,,,
"Sunbury, PA",,,,,,,554.0,27.0,0.048736462093862815,,,
"Susanville, CA",,,,,,,52.0,6.0,0.11538461538461539,,,
"Sweetwater, TX",,,,,,,51.0,0.0,0.0,,,
"Tahlequah, OK",,,,,,,139.0,11.0,0.07913669064748201,,,
"Talladega-Sylacauga, AL",,,,,,,214.0,12.0,0.056074766355140186,,,
"Taos, NM",,,,,,,121.0,16.0,0.1322314049586777,,,
"Taylorville, IL",,,,,,,72.0,6.0,0.08333333333333333,,,
"Texarkana, TX-AR",,,,,,,623.0,41.0,0.06581059390048154,,,
"The Dalles, OR",,,,,,,104.0,11.0,0.10576923076923077,,,
"The Villages, FL",,,,,,,411.0,26.0,0.06326034063260341,,,
"Thomaston, GA",,,,,,,56.0,2.0,0.03571428571428571,,,
"Thomasville, GA",,,,,,,210.0,6.0,0.02857142857142857,,,
"Tiffin, OH",,,,,,,210.0,12.0,0.05714285714285714,,,
"Tifton, GA",,,,,,,179.0,11.0,0.061452513966480445,,,
"Toccoa, GA",,,,,,,96.0,8.0,0.08333333333333333,,,
"Traverse City, MI",,,,,,,1028.0,104.0,0.10116731517509728,,,
"Troy, AL",,,,,,,142.0,7.0,0.04929577464788732,,,
"Truckee-Grass Valley, CA",,,,,,,636.0,96.0,0.1509433962264151,,,
"Tullahoma-Manchester, TN",,,,,,,384.0,29.0,0.07552083333333333,,,
"Tulsa, OK",,,,,,,8825.0,538.0,0.060963172804532575,,,
"Tupelo, MS",,,,,,,639.0,23.0,0.03599374021909233,,,
"Twin Falls, ID",,,,,,,489.0,42.0,0.08588957055214724,,,
"Ukiah, CA",,,,,,,259.0,25.0,0.09652509652509653,,,
"Union City, TN",,,,,,,68.0,5.0,0.07352941176470588,,,
"Union, SC",,,,,,,46.0,2.0,0.043478260869565216,,,
"Urbana, OH",,,,,,,83.0,4.0,0.04819277108433735,,,
"Uvalde, TX",,,,,,,81.0,10.0,0.12345679012345678,,,
"Van Wert, OH",,,,,,,92.0,3.0,0.03260869565217391,,,
"Vermillion, SD",,,,,,,114.0,3.0,0.02631578947368421,,,
"Vernal, UT",,,,,,,151.0,8.0,0.052980132450331126,,,
"Vernon, TX",,,,,,,27.0,0.0,0.0,,,
"Vicksburg, MS",,,,,,,193.0,10.0,0.05181347150259067,,,
"Victoria, TX",,,,,,,580.0,37.0,0.06379310344827586,,,
"Vidalia, GA",,,,,,,111.0,13.0,0.11711711711711711,,,
"Vincennes, IN",,,,,,,132.0,4.0,0.030303030303030304,,,
"Vineland-Bridgeton, NJ",,,,,,,534.0,28.0,0.052434456928838954,,,
"Vineyard Haven, MA",,,,,,,75.0,7.0,0.09333333333333334,,,
"Wabash, IN",,,,,,,121.0,8.0,0.06611570247933884,,,
"Wahpeton, ND-MN",,,,,,,43.0,2.0,0.046511627906976744,,,
"Walla Walla, WA",,,,,,,314.0,30.0,0.09554140127388536,,,
"Wapakoneta, OH",,,,,,,198.0,10.0,0.050505050505050504,,,
"Warner Robins, GA",,,,,,,1026.0,50.0,0.04873294346978557,,,
"Warren, PA",,,,,,,96.0,6.0,0.0625,,,
"Warrensburg, MO",,,,,,,268.0,15.0,0.055970149253731345,,,
"Warsaw, IN",,,,,,,437.0,19.0,0.043478260869565216,,,
"Washington Court House, OH",,,,,,,95.0,5.0,0.05263157894736842,,,
"Washington, IN",,,,,,,100.0,4.0,0.04,,,
"Washington, NC",,,,,,,134.0,4.0,0.029850746268656716,,,
"Watertown, SD",,,,,,,150.0,13.0,0.08666666666666667,,,
"Watertown-Fort Atkinson, WI",,,,,,,507.0,34.0,0.0670611439842209,,,
"Watertown-Fort Drum, NY",,,,,,,471.0,19.0,0.040339702760084924,,,
"Wauchula, FL",,,,,,,37.0,0.0,0.0,,,
"Waycross, GA",,,,,,,147.0,9.0,0.061224489795918366,,,
"Weatherford, OK",,,,,,,117.0,4.0,0.03418803418803419,,,
"Weirton-Steubenville, WV-OH",,,,,,,396.0,20.0,0.050505050505050504,,,
"West Plains, MO",,,,,,,81.0,7.0,0.08641975308641975,,,
"West Point, MS",,,,,,,40.0,3.0,0.075,,,
"Wheeling, WV-OH",,,,,,,448.0,17.0,0.03794642857142857,,,
"Williamsport, PA",,,,,,,752.0,40.0,0.05319148936170213,,,
"Williston, ND",,,,,,,205.0,14.0,0.06829268292682927,,,
"Willmar, MN",,,,,,,202.0,14.0,0.06930693069306931,,,
"Wilmington, OH",,,,,,,212.0,8.0,0.03773584905660377,,,
"Wilson, NC",,,,,,,328.0,26.0,0.07926829268292683,,,
"Winchester, VA-WV",,,,,,,656.0,39.0,0.05945121951219512,,,
"Winfield, KS",,,,,,,1033.0,52.0,0.05033881897386254,,,
"Winnemucca, NV",,,,,,,71.0,2.0,0.028169014084507043,,,
"Winona, MN",,,,,,,317.0,13.0,0.04100946372239748,,,
"Wisconsin Rapids-Marshfield, WI",,,,,,,502.0,34.0,0.06772908366533864,,,
"Woodward, OK",,,,,,,64.0,3.0,0.046875,,,
"Worthington, MN",,,,,,,37.0,4.0,0.10810810810810811,,,
"Yankton, SD",,,,,,,93.0,8.0,0.08602150537634409,,,
"Zanesville, OH",,,,,,,307.0,14.0,0.04560260586319218,,,
